,MSSubClass,LotFrontage,LotArea,Condition2,OverallQual,OverallCond,YearBuilt,RoofMatl,Exterior1st,Exterior2nd,MasVnrArea,ExterQual,BsmtQual,BsmtCond,BsmtExposure,BsmtUnfSF,TotalBsmtSF,GrLivArea,BedroomAbvGr,KitchenAbvGr,KitchenQual,TotRmsAbvGrd,Functional,Fireplaces,GarageArea,ScreenPorch,PoolQC,New,Abnorml
0,60,65.0,8450,0,7,5,17,3,11,11,196.0,4,4,3,1,150,856,1710,3,1,4,8,0,0,548,0,0,0.0,0
1,20,80.0,9600,0,6,8,44,3,6,6,0.0,3,4,3,4,284,1262,1262,3,1,3,6,0,1,460,0,0,0.0,0
2,60,68.0,11250,0,7,5,19,3,11,11,162.0,4,4,3,2,434,920,1786,3,1,4,6,0,1,608,0,0,0.0,0
3,70,60.0,9550,0,7,5,105,3,5,8,0.0,3,3,4,1,540,756,1717,3,1,4,7,0,1,642,0,0,0.0,1
4,60,84.0,14260,0,8,5,20,3,11,11,350.0,4,4,3,3,490,1145,2198,4,1,4,9,0,1,836,0,0,0.0,0
5,50,85.0,14115,0,5,5,27,3,11,11,0.0,3,4,3,1,64,796,1362,1,1,3,5,0,0,480,0,0,0.0,0
6,20,75.0,10084,0,8,5,16,3,11,11,186.0,4,5,3,3,317,1686,1694,3,1,4,7,0,1,636,0,0,0.0,0
7,60,0.0,10382,0,7,6,47,3,7,7,240.0,3,4,3,2,216,1107,2090,3,1,3,7,0,2,484,0,0,0.0,0
8,50,51.0,6120,0,7,5,89,3,10,8,0.0,3,3,3,1,952,952,1774,2,2,3,8,1,2,468,0,0,0.0,1
9,190,50.0,7420,-1,5,6,81,3,6,6,0.0,3,3,3,1,140,991,1077,2,2,3,5,0,2,205,0,0,0.0,0
10,20,70.0,11200,0,5,5,55,3,7,7,0.0,3,3,3,1,134,1040,1040,3,1,3,5,0,0,384,0,0,0.0,0
11,60,85.0,11924,0,9,5,15,3,8,8,286.0,5,5,3,1,177,1175,2324,4,1,5,11,0,2,736,0,0,1.0,0
12,20,0.0,12968,0,5,6,58,3,7,9,0.0,3,3,3,1,175,912,912,2,1,3,4,0,0,352,176,0,0.0,0
13,20,91.0,10652,0,7,5,14,3,11,11,306.0,4,4,3,3,1494,1494,1494,3,1,4,7,0,1,840,0,0,1.0,0
14,20,0.0,10920,0,6,5,60,3,6,6,212.0,3,3,3,1,520,1253,1253,2,1,3,5,0,1,352,0,0,0.0,0
15,45,51.0,6120,0,7,8,91,3,5,5,0.0,3,3,3,1,832,832,854,2,1,3,5,0,0,576,0,0,0.0,0
16,20,0.0,11241,0,6,7,50,3,5,5,180.0,3,3,3,1,426,1004,1004,2,1,3,5,0,1,480,0,0,0.0,0
17,90,72.0,10791,0,4,5,53,3,6,6,0.0,3,0,0,0,0,0,1296,2,2,3,6,0,0,516,0,0,0.0,0
18,20,66.0,13695,0,5,5,16,3,11,11,0.0,3,3,3,1,468,1114,1114,3,1,4,6,0,0,576,0,0,0.0,0
19,20,70.0,7560,0,5,6,62,3,10,9,0.0,3,3,3,1,525,1029,1339,3,1,3,6,1,0,294,0,0,0.0,1
20,60,101.0,14215,0,8,5,15,3,11,11,380.0,4,5,3,3,1158,1158,2376,4,1,4,9,0,1,853,0,0,1.0,0
21,45,57.0,7449,0,7,7,90,3,5,5,0.0,3,3,3,1,637,637,1108,3,1,4,6,0,1,280,0,0,0.0,0
22,20,75.0,9742,0,8,5,18,3,11,11,281.0,4,4,3,1,1777,1777,1795,3,1,4,7,0,1,534,0,0,0.0,0
23,120,44.0,4224,0,5,7,44,3,12,12,0.0,3,4,3,1,200,1040,1060,3,1,3,6,0,1,572,0,0,0.0,0
24,20,0.0,8246,0,5,8,52,3,9,9,0.0,3,3,3,2,204,1060,1060,3,1,4,6,0,1,270,0,0,0.0,0
25,20,110.0,14230,0,8,5,13,3,11,11,640.0,4,4,3,1,1566,1566,1600,3,1,4,7,0,1,890,0,0,0.0,0
26,20,60.0,7200,0,5,7,69,3,5,5,0.0,3,3,3,2,180,900,900,3,1,4,5,0,0,576,0,0,0.0,0
27,20,98.0,11478,0,8,5,13,3,11,11,200.0,4,5,3,1,486,1704,1704,3,1,4,7,0,1,772,0,0,0.0,0
28,20,47.0,16321,0,5,6,63,3,6,6,0.0,3,3,3,4,207,1484,1600,2,1,3,6,0,2,319,0,0,0.0,0
29,30,60.0,6324,-1,4,6,93,3,6,6,0.0,3,3,3,1,520,520,520,1,1,2,4,0,0,240,0,0,0.0,0
30,70,50.0,8500,0,4,4,100,3,10,10,0.0,3,3,3,1,649,649,1317,3,1,3,6,0,0,250,0,0,0.0,0
31,20,0.0,8544,0,5,6,54,3,7,7,0.0,3,3,3,1,1228,1228,1228,3,1,4,6,0,0,271,0,0,0.0,0
32,20,85.0,11049,0,8,5,13,3,11,11,0.0,4,5,3,3,1234,1234,1234,3,1,4,7,0,0,484,0,0,0.0,0
33,20,70.0,10552,0,5,5,61,3,10,10,0.0,3,3,3,1,380,1398,1700,4,1,4,6,0,1,447,0,0,0.0,0
34,120,60.0,7313,0,9,5,15,3,6,6,246.0,5,5,3,1,408,1561,1561,2,1,5,6,0,1,556,0,0,0.0,0
35,60,108.0,13418,0,8,5,16,3,11,11,132.0,4,5,3,3,1117,1117,2452,4,1,4,9,0,1,691,0,0,0.0,0
36,20,112.0,10859,0,5,5,26,3,11,11,0.0,3,4,3,1,1097,1097,1097,3,1,3,6,0,0,672,0,0,0.0,0
37,20,74.0,8532,0,5,6,66,3,5,5,650.0,3,3,3,1,84,1297,1297,3,1,3,5,0,1,498,0,0,0.0,0
38,20,68.0,7922,0,5,7,67,3,11,11,0.0,3,3,3,1,326,1057,1057,3,1,4,5,0,0,246,0,0,0.0,1
40,20,84.0,8658,0,6,5,55,3,5,5,101.0,3,3,3,1,445,1088,1324,3,1,3,6,0,1,440,0,0,0.0,1
41,20,115.0,16905,0,5,6,61,3,11,11,0.0,3,3,3,4,383,1350,1328,2,1,3,5,0,2,308,0,0,0.0,0
42,85,0.0,9180,0,5,7,37,3,7,7,0.0,3,4,3,3,0,840,884,2,1,4,5,0,0,504,0,0,0.0,0
43,20,0.0,9200,0,5,6,45,3,11,11,0.0,3,4,3,3,167,938,938,3,1,3,5,0,0,308,0,0,0.0,0
44,20,70.0,7945,0,5,6,61,3,10,5,0.0,3,3,3,1,465,1150,1150,3,1,3,6,0,0,300,0,0,0.0,0
45,120,61.0,7658,0,9,5,15,3,6,6,412.0,5,5,3,1,1296,1752,1752,2,1,5,6,0,1,576,0,0,0.0,0
46,50,48.0,12822,0,7,5,17,3,11,11,0.0,4,5,3,1,83,1434,2149,1,1,4,6,0,1,670,198,0,0.0,1
47,20,84.0,11096,0,8,5,14,3,11,11,0.0,4,4,3,3,1632,1656,1656,3,1,4,7,0,0,826,0,0,0.0,0
49,20,66.0,7742,0,5,7,54,3,7,7,0.0,3,3,3,1,192,955,955,3,1,3,6,0,0,386,0,0,0.0,0
50,60,0.0,13869,0,6,6,23,3,11,11,0.0,3,4,3,3,612,794,1470,3,1,3,6,0,0,388,0,0,0.0,0
51,50,52.0,6240,0,6,6,86,3,5,5,0.0,3,3,3,1,816,816,1176,3,1,3,6,0,1,528,0,0,0.0,0
52,90,110.0,8472,0,5,5,57,3,5,5,0.0,2,4,3,4,0,816,816,2,1,3,5,0,0,516,0,0,0.0,0
53,20,68.0,50271,0,9,5,39,6,8,8,0.0,4,5,3,4,32,1842,1842,0,1,4,5,0,1,894,0,0,0.0,0
54,80,60.0,7134,0,5,5,65,3,6,6,0.0,3,3,3,1,0,384,1360,3,1,3,6,1,1,572,0,0,0.0,0
55,20,100.0,10175,0,6,5,56,3,7,9,272.0,3,3,3,1,935,1425,1425,3,1,3,7,0,1,576,0,0,0.0,0
56,160,24.0,2645,0,8,5,21,3,6,6,456.0,4,4,3,1,321,970,1739,3,1,4,7,0,0,480,0,0,0.0,1
57,60,89.0,11645,0,7,5,16,3,11,11,0.0,4,4,3,1,860,860,1720,3,1,4,7,0,0,565,0,0,0.0,0
58,60,66.0,13682,0,10,5,14,3,11,11,1031.0,5,5,3,4,1410,1410,2945,3,1,4,10,0,1,641,0,0,1.0,0
59,20,60.0,7200,0,5,7,48,3,7,7,0.0,3,3,3,3,148,780,780,2,1,3,4,0,0,352,0,0,0.0,0
60,20,63.0,13072,0,6,5,16,3,11,11,0.0,3,4,3,1,217,1158,1158,3,1,4,5,0,0,576,0,0,1.0,0
61,75,60.0,7200,0,5,7,100,3,6,6,0.0,3,3,2,1,530,530,1111,3,1,2,6,0,0,288,0,0,0.0,0
62,120,44.0,6442,0,8,5,14,3,11,11,178.0,4,4,4,2,1346,1370,1370,2,1,4,6,0,1,484,0,0,0.0,0
63,70,50.0,10300,-1,7,6,99,3,4,4,0.0,3,3,3,1,576,576,1710,3,1,3,9,0,0,480,0,0,0.0,0
64,60,0.0,9375,0,7,5,23,3,11,11,573.0,3,4,3,1,318,1057,2034,3,1,4,8,0,0,645,0,0,0.0,0
65,60,76.0,9591,0,8,5,16,3,11,11,344.0,4,5,3,3,1143,1143,2473,4,1,4,9,0,1,852,0,0,0.0,0
66,20,0.0,19900,0,7,5,50,3,9,9,287.0,3,4,3,4,1035,1947,2207,3,1,3,7,1,1,576,0,0,0.0,0
67,20,72.0,10665,0,7,5,17,3,11,11,167.0,4,4,3,3,440,1453,1479,3,1,4,7,0,0,558,0,0,0.0,0
68,30,47.0,4608,0,4,6,75,3,6,6,0.0,3,3,3,1,747,747,747,2,1,3,4,0,0,220,0,0,0.0,0
69,50,81.0,15593,0,7,4,67,3,10,3,0.0,4,3,3,1,701,1304,2287,3,1,3,7,0,1,667,0,0,0.0,0
70,20,95.0,13651,0,7,6,47,3,9,9,1115.0,3,4,3,4,343,2223,2223,3,1,3,8,0,2,516,0,0,0.0,0
71,20,69.0,7599,0,4,6,38,3,7,9,0.0,3,3,3,1,280,845,845,2,1,3,4,0,0,360,0,0,0.0,0
72,60,74.0,10141,0,7,5,22,3,11,11,40.0,3,4,3,1,832,832,1718,3,1,3,7,0,1,427,291,0,0.0,0
73,20,85.0,10200,0,5,7,66,3,5,5,104.0,3,3,3,1,404,1086,1086,3,1,3,6,0,0,490,0,0,0.0,0
74,50,60.0,5790,0,3,6,105,3,11,11,0.0,4,2,3,1,840,840,1605,3,2,3,8,0,0,379,0,0,0.0,0
75,180,21.0,1596,0,4,5,47,3,12,12,0.0,3,4,3,4,0,462,988,2,1,3,5,0,0,297,0,0,0.0,0
76,20,0.0,8475,0,4,7,64,3,11,11,0.0,3,3,3,1,724,952,952,2,1,3,4,0,0,283,0,0,0.0,0
77,50,50.0,8635,0,5,5,72,3,5,5,0.0,3,3,3,1,295,672,1285,2,1,3,6,1,0,240,0,0,0.0,0
79,50,60.0,10440,0,5,6,110,3,5,5,0.0,3,3,3,1,440,440,1230,2,1,3,5,0,0,440,0,0,0.0,0
80,60,100.0,13000,0,6,6,52,3,11,11,576.0,3,4,3,1,448,896,2142,4,1,4,8,0,1,509,252,0,0.0,0
81,120,32.0,4500,0,6,5,22,3,11,11,443.0,3,5,4,1,36,1237,1337,2,1,3,5,0,0,405,0,0,0.0,0
82,20,78.0,10206,0,8,5,13,3,11,11,468.0,3,4,3,1,1530,1563,1563,3,1,4,6,0,1,758,0,0,0.0,0
83,20,80.0,8892,0,5,5,60,3,6,6,66.0,3,3,3,1,1065,1065,1065,3,1,3,6,0,0,461,0,0,0.0,0
84,80,0.0,8530,0,7,5,25,3,7,7,22.0,3,4,3,1,384,384,1474,3,1,3,7,0,1,400,0,0,0.0,0
85,60,121.0,16059,0,8,5,29,3,7,7,284.0,4,4,3,1,1288,1288,2417,4,1,4,9,0,1,462,0,0,0.0,0
86,60,122.0,11911,0,6,5,15,3,11,11,0.0,4,4,3,3,684,684,1560,3,1,4,6,0,1,400,0,0,0.0,0
87,160,40.0,3951,0,6,5,11,3,11,11,76.0,4,4,3,3,612,612,1224,2,1,4,4,0,0,528,0,0,1.0,0
90,20,60.0,7200,0,4,5,70,3,10,5,0.0,3,0,0,0,0,0,1040,2,1,3,4,0,0,420,0,0,0.0,0
91,20,85.0,8500,0,5,3,59,3,7,7,203.0,3,3,3,1,635,1235,1235,2,1,3,6,0,0,480,0,0,0.0,1
92,30,80.0,13360,0,5,7,99,3,5,5,0.0,3,4,3,1,163,876,964,2,1,3,5,0,0,432,0,0,0.0,0
93,190,60.0,7200,0,6,6,110,3,6,6,0.0,3,3,2,2,168,1214,2291,4,2,3,9,0,1,506,99,0,0.0,0
94,60,69.0,9337,0,6,5,23,3,11,11,0.0,3,4,3,1,176,824,1786,3,1,4,7,0,0,684,0,0,0.0,0
95,60,0.0,9765,0,6,8,27,3,11,11,68.0,5,4,4,1,370,680,1470,3,1,3,6,0,1,420,0,0,0.0,0
96,20,78.0,10264,0,7,5,21,3,11,11,183.0,4,4,3,3,426,1588,1588,3,1,4,6,0,0,472,0,0,0.0,0
97,20,73.0,10921,0,4,5,55,3,7,7,48.0,3,3,3,1,440,960,960,3,1,3,6,0,0,432,0,0,0.0,0
98,30,85.0,10625,0,5,5,100,3,5,5,0.0,3,3,3,1,350,458,835,2,1,3,5,0,0,366,0,0,0.0,1
100,20,0.0,10603,0,6,7,43,3,9,9,28.0,3,3,3,2,410,1610,1610,3,1,4,6,0,2,480,0,0,0.0,0
101,60,77.0,9206,0,6,5,35,3,7,7,336.0,4,4,3,1,741,741,1732,3,1,4,7,0,1,476,0,0,0.0,0
102,90,64.0,7018,0,5,5,41,3,7,7,0.0,3,0,0,0,0,0,1535,4,2,3,8,0,0,410,0,0,0.0,0
103,20,94.0,10402,0,7,5,11,3,11,11,0.0,3,4,3,1,1226,1226,1226,3,1,4,6,0,0,740,0,0,0.0,0
104,50,0.0,7758,0,7,4,89,3,4,4,600.0,3,3,3,1,816,1040,1818,4,1,3,7,0,2,240,184,0,0.0,0
105,60,75.0,9375,0,8,5,17,3,11,11,768.0,4,5,3,1,1053,1053,1992,3,1,4,9,0,1,648,0,0,0.0,0
106,30,60.0,10800,0,4,7,135,3,11,11,0.0,3,2,3,1,641,641,1047,2,1,3,6,0,0,273,0,0,0.0,0
107,20,50.0,6000,0,5,5,72,3,11,11,0.0,3,3,3,1,516,789,789,2,1,3,5,0,0,250,0,0,0.0,0
109,20,105.0,11751,0,6,6,43,3,9,9,480.0,3,4,3,1,1139,1844,1844,3,1,3,7,0,1,546,0,0,0.0,0
110,50,75.0,9525,0,6,4,66,3,5,5,0.0,3,3,2,1,550,994,1855,4,1,3,7,0,0,325,0,0,0.0,0
111,80,0.0,7750,0,7,5,20,3,11,11,0.0,3,4,3,1,134,384,1430,3,1,3,7,0,1,400,0,0,0.0,0
112,60,77.0,9965,0,7,5,13,3,11,11,220.0,4,5,3,3,280,1264,2696,4,1,5,10,0,1,792,168,0,1.0,0
113,20,0.0,21000,0,6,5,67,3,5,5,184.0,3,4,3,2,905,1809,2259,3,1,4,7,0,2,450,0,0,0.0,1
114,70,61.0,7259,0,6,8,75,3,5,5,0.0,3,3,3,1,104,1028,2320,3,1,4,9,0,1,180,0,0,0.0,0
115,160,34.0,3230,0,6,5,21,3,6,6,1129.0,3,4,3,1,310,729,1458,2,1,3,5,0,1,440,0,0,0.0,0
116,20,0.0,11616,0,5,5,58,3,5,5,116.0,3,3,3,1,252,1092,1092,3,1,3,6,0,1,288,0,0,0.0,0
117,20,74.0,8536,0,5,5,14,3,11,11,0.0,3,4,3,1,1125,1125,1125,2,1,3,5,0,0,430,0,0,1.0,0
118,60,90.0,12376,0,7,5,30,3,9,9,0.0,3,4,3,2,203,1673,3222,5,1,4,11,0,2,594,0,0,0.0,0
119,60,65.0,8461,0,6,5,15,3,11,11,0.0,4,4,3,1,728,728,1456,3,1,4,8,0,1,390,0,0,1.0,0
120,80,0.0,21453,0,6,5,51,2,9,9,0.0,3,3,3,4,0,938,988,1,1,3,4,0,2,540,0,0,0.0,0
121,50,50.0,6060,0,4,5,81,3,3,3,0.0,3,3,3,1,732,732,1123,3,1,3,4,0,0,264,0,0,0.0,0
122,20,75.0,9464,0,6,7,62,3,6,6,135.0,3,3,3,1,510,1080,1080,3,1,3,5,0,0,288,130,0,0.0,0
123,120,55.0,7892,0,6,5,27,3,9,9,0.0,4,4,3,1,899,1199,1199,2,1,4,5,0,0,530,0,0,0.0,0
124,20,48.0,17043,0,6,5,41,3,7,7,0.0,3,4,2,1,1362,1362,1586,3,1,3,7,0,1,435,0,0,0.0,0
126,120,0.0,4928,0,6,5,44,3,9,9,0.0,3,4,3,1,958,1078,958,2,1,3,5,0,1,440,0,0,0.0,0
128,60,69.0,7590,0,6,5,54,3,11,11,266.0,3,3,3,1,148,660,1348,3,1,3,6,0,1,453,0,0,0.0,0
129,20,69.0,8973,0,5,7,62,3,9,9,85.0,3,3,3,1,413,1008,1053,3,1,5,6,0,0,750,0,0,0.0,1
130,60,88.0,14200,0,7,6,54,3,6,6,309.0,3,3,3,1,479,924,2157,4,1,4,8,0,2,487,0,0,0.0,0
131,60,0.0,12224,0,6,5,20,3,11,11,40.0,4,4,3,1,297,992,2054,3,1,4,7,0,1,390,0,0,0.0,0
132,20,75.0,7388,0,5,6,61,3,6,6,0.0,3,3,3,1,658,1063,1327,3,1,4,7,0,0,624,0,0,0.0,0
133,20,0.0,6853,0,8,5,19,3,11,11,136.0,4,5,3,1,262,1267,1296,2,1,4,6,0,0,471,0,0,0.0,0
134,20,78.0,10335,0,5,6,52,3,9,9,0.0,3,3,3,1,891,1461,1721,3,1,3,7,1,1,440,0,0,0.0,0
135,20,80.0,10400,0,7,6,50,3,9,9,288.0,3,3,3,1,1304,1304,1682,3,1,3,7,0,1,530,0,0,0.0,0
136,20,0.0,10355,0,5,5,53,3,6,6,196.0,3,3,3,1,519,1214,1214,3,1,3,5,0,1,318,0,0,0.0,0
137,90,82.0,11070,0,7,5,32,3,11,11,70.0,3,3,3,1,1907,1907,1959,5,2,3,9,0,0,766,0,0,0.0,0
138,60,73.0,9066,0,8,5,21,3,11,11,320.0,4,4,3,2,336,1004,1852,3,1,4,7,0,2,660,0,0,0.0,0
139,60,65.0,15426,0,6,5,23,3,11,11,0.0,3,4,3,1,107,928,1764,3,1,4,7,0,0,470,0,0,0.0,0
141,20,78.0,11645,0,7,5,15,3,11,11,0.0,4,4,3,3,434,1734,1734,3,1,4,7,0,0,660,0,0,0.0,0
142,50,71.0,8520,0,5,4,68,3,10,5,0.0,3,3,3,1,403,910,1385,4,1,3,6,0,0,720,0,0,0.0,0
143,20,78.0,10335,0,7,5,21,3,11,11,183.0,4,4,3,4,811,1490,1501,3,1,4,6,0,0,577,0,0,0.0,0
144,90,70.0,9100,0,5,5,57,3,7,7,336.0,3,3,3,1,396,1728,1728,6,2,3,10,0,0,504,0,0,0.0,1
145,160,24.0,2522,0,6,5,16,3,11,11,50.0,4,4,3,1,970,970,1709,3,1,4,7,4,0,380,0,0,0.0,0
146,30,51.0,6120,0,5,7,89,3,5,5,0.0,3,3,3,1,506,715,875,2,1,3,5,0,0,180,0,0,0.0,0
147,60,0.0,9505,0,7,5,19,3,11,11,180.0,4,4,3,1,884,884,2035,3,1,4,8,0,1,434,0,0,0.0,0
149,50,0.0,6240,0,5,4,84,3,6,6,0.0,3,4,3,1,896,896,1344,3,1,3,7,0,0,240,0,0,0.0,0
150,20,120.0,10356,0,5,6,45,3,7,7,0.0,3,3,3,3,253,969,969,3,1,3,5,0,0,440,0,0,0.0,0
151,20,107.0,13891,0,8,5,13,3,11,11,436.0,4,5,3,4,310,1710,1710,2,1,4,6,0,1,866,0,0,1.0,0
152,60,0.0,14803,0,6,5,49,3,7,7,252.0,3,3,3,1,409,825,1993,4,1,3,8,0,1,495,0,0,0.0,0
153,20,0.0,13500,0,6,7,60,3,10,9,0.0,3,4,3,4,93,1602,1252,1,1,3,4,0,1,564,0,0,0.0,0
154,30,84.0,11340,0,6,5,97,3,5,5,0.0,3,3,3,1,1200,1200,1200,4,1,3,7,0,0,312,0,0,0.0,0
156,20,60.0,7200,0,5,7,70,3,5,5,0.0,3,0,0,0,0,0,1040,2,1,3,5,0,0,625,0,0,0.0,0
157,60,92.0,12003,0,8,5,11,3,11,11,84.0,4,5,3,1,774,774,1968,4,1,5,8,0,1,680,0,0,1.0,0
158,60,100.0,12552,0,7,5,16,3,11,11,0.0,4,4,3,1,769,991,1947,3,1,4,8,0,1,678,0,0,0.0,0
159,60,134.0,19378,0,7,5,15,3,11,11,456.0,4,4,3,2,1335,1392,2462,4,1,4,9,0,1,576,0,0,1.0,0
160,20,0.0,11120,0,6,6,36,3,9,9,0.0,3,4,3,1,572,1232,1232,3,1,3,6,0,0,516,0,0,0.0,0
161,60,110.0,13688,0,9,5,17,3,11,11,664.0,4,5,3,3,556,1572,2668,3,1,5,10,0,2,726,0,0,0.0,0
162,20,95.0,12182,0,7,5,15,3,11,11,226.0,4,4,3,2,340,1541,1541,3,1,4,7,0,1,532,0,0,1.0,0
164,40,40.0,5400,0,6,7,94,3,6,6,0.0,3,3,3,2,779,1149,1616,3,1,4,5,0,0,216,0,0,0.0,0
166,20,0.0,10708,0,5,5,65,3,5,5,0.0,4,3,3,1,470,1617,1867,2,1,3,7,0,3,303,142,0,0.0,0
167,60,86.0,10562,0,8,5,13,3,11,11,300.0,4,5,3,1,294,1582,2161,3,1,5,8,0,1,789,0,0,1.0,0
168,60,62.0,8244,0,7,5,16,3,11,11,0.0,4,4,3,1,840,840,1720,3,1,4,7,0,1,440,0,0,0.0,0
169,20,0.0,16669,0,8,6,39,4,9,9,653.0,4,4,3,1,1686,1686,1707,2,1,3,6,0,1,511,0,0,0.0,0
170,50,0.0,12358,0,5,6,79,3,6,6,0.0,3,3,3,1,360,720,1382,2,1,3,7,0,0,660,0,0,0.0,0
171,20,141.0,31770,0,6,5,60,3,10,9,112.0,3,3,4,4,441,1080,1656,3,1,3,7,0,2,528,0,0,0.0,0
172,160,44.0,5306,0,7,7,33,3,7,7,0.0,4,4,4,1,354,1064,1767,2,1,4,5,0,1,504,0,0,0.0,0
173,20,80.0,10197,0,6,5,59,3,8,8,491.0,3,3,3,1,700,1362,1362,3,1,3,6,0,1,504,0,0,0.0,0
174,20,47.0,12416,0,6,5,34,3,11,9,132.0,3,4,2,1,0,1606,1651,3,1,3,7,2,1,616,0,0,0.0,0
175,20,84.0,12615,0,6,7,70,3,8,8,0.0,3,3,4,3,725,1202,2158,4,1,4,7,0,1,576,0,0,0.0,0
176,60,97.0,10029,0,6,5,32,3,9,9,268.0,4,4,3,1,320,1151,2060,4,1,3,8,0,1,521,192,0,0.0,0
177,50,0.0,13650,0,5,5,62,3,6,6,0.0,4,3,3,1,554,1052,1920,4,1,4,8,0,1,451,0,0,0.0,0
178,20,63.0,17423,0,9,5,12,3,11,11,748.0,5,5,3,1,312,2216,2234,1,1,5,9,0,1,1166,0,0,1.0,0
179,30,60.0,8520,0,5,6,97,3,5,5,0.0,4,3,3,1,968,968,968,2,1,3,5,0,0,480,0,0,0.0,0
180,160,0.0,2117,0,6,5,20,3,6,6,456.0,4,4,3,1,320,756,1525,3,1,4,5,0,1,440,0,0,0.0,0
181,70,54.0,7588,0,7,6,100,3,4,4,0.0,3,2,3,1,441,793,1802,4,1,3,9,0,1,216,0,0,0.0,0
182,20,60.0,9060,0,5,6,63,3,5,5,98.0,3,0,0,0,0,0,1340,3,1,3,7,0,1,252,0,0,0.0,0
183,50,63.0,11426,0,7,5,17,3,11,11,0.0,3,4,3,1,1362,1362,2082,3,1,4,6,3,0,484,0,0,0.0,0
184,50,92.0,7438,-1,5,8,112,3,3,9,0.0,3,2,3,1,504,504,1252,3,1,3,5,0,0,576,0,0,0.0,0
185,75,90.0,22950,0,10,9,128,6,5,5,0.0,4,3,3,2,1107,1107,3608,4,1,5,12,0,2,840,410,0,0.0,0
186,80,0.0,9947,0,7,5,30,3,7,7,0.0,3,4,3,3,577,1188,1217,3,1,4,6,0,0,497,0,0,0.0,0
187,50,60.0,10410,0,5,7,104,3,7,7,0.0,3,2,3,1,660,660,1656,3,1,3,8,2,0,180,0,0,0.0,0
188,90,64.0,7018,0,5,5,41,3,9,9,275.0,3,4,3,3,0,1086,1224,2,2,3,6,0,2,528,0,0,0.0,0
189,120,41.0,4923,0,8,5,19,3,12,12,0.0,4,5,3,3,440,1593,1593,0,1,5,5,0,1,682,224,0,0.0,0
190,70,70.0,10570,0,8,8,88,3,10,10,0.0,4,4,4,1,556,853,2727,3,1,4,10,4,2,440,0,0,0.0,0
191,60,0.0,7472,0,7,9,48,3,7,7,138.0,3,3,3,1,99,725,1479,4,1,4,7,0,0,484,0,0,0.0,0
192,20,68.0,9017,0,7,5,21,3,11,11,0.0,4,4,3,3,871,1431,1431,3,1,4,6,0,0,666,0,0,0.0,0
193,160,24.0,2522,0,7,5,16,3,11,11,50.0,4,4,3,1,970,970,1709,3,1,4,7,4,0,380,0,0,0.0,0
194,20,60.0,7180,0,5,7,48,3,7,7,0.0,3,3,3,3,474,864,864,3,1,3,5,0,0,352,0,0,0.0,0
195,160,24.0,2280,0,6,6,44,3,9,1,0.0,3,4,3,1,289,855,1456,3,1,3,7,0,1,440,0,0,0.0,0
196,20,79.0,9416,0,7,5,13,3,12,12,205.0,5,5,3,1,600,1726,1726,3,1,5,8,0,1,786,266,0,1.0,0
197,75,174.0,25419,0,8,4,102,3,4,4,0.0,4,3,3,1,140,1360,3112,4,1,4,8,0,1,795,0,4,0.0,1
199,20,76.0,9591,0,8,5,16,3,11,11,262.0,4,5,3,3,625,1713,1713,3,1,5,7,0,1,856,170,0,0.0,0
200,20,80.0,8546,0,4,5,17,3,11,11,0.0,3,4,3,1,1121,1121,1121,2,1,3,5,0,0,440,0,0,0.0,0
201,20,75.0,10125,0,6,6,43,3,9,9,0.0,3,3,3,1,276,1196,1279,3,1,3,6,0,2,473,0,0,0.0,0
202,50,50.0,7000,0,6,6,96,3,6,6,0.0,3,2,3,1,0,617,1310,2,1,3,6,1,0,398,0,0,0.0,0
203,120,0.0,4438,0,6,5,16,3,11,11,205.0,4,4,3,3,186,848,848,1,1,4,3,0,1,420,0,0,0.0,0
204,50,50.0,3500,0,5,7,73,3,3,3,0.0,3,3,3,1,408,720,1284,2,1,3,5,0,0,240,0,0,0.0,0
205,20,99.0,11851,0,7,5,30,3,7,7,0.0,3,4,3,1,1424,1424,1442,3,1,3,5,0,0,500,0,0,0.0,0
206,20,40.0,13673,0,5,5,58,3,7,7,0.0,3,3,3,1,1140,1140,1696,3,1,3,8,2,1,349,0,0,0.0,0
207,20,0.0,12493,0,4,5,60,3,5,5,0.0,3,3,3,1,375,1100,1100,3,1,3,6,0,1,312,0,0,0.0,0
208,60,0.0,14364,0,7,5,32,3,9,9,128.0,4,4,3,4,92,1157,2062,3,1,3,7,0,1,454,154,0,0.0,0
209,20,75.0,8250,0,6,7,56,3,7,7,260.0,3,4,3,1,305,1092,1092,3,1,3,6,0,0,504,0,0,0.0,0
211,20,83.0,10420,0,6,5,11,3,11,11,0.0,3,4,3,2,1176,1212,1212,3,1,4,6,0,0,460,0,0,0.0,0
212,60,72.0,8640,0,7,5,11,3,11,11,0.0,3,4,3,1,78,900,1852,3,1,4,7,0,1,644,0,0,1.0,0
213,20,43.0,13568,0,5,5,25,3,11,11,0.0,3,4,3,1,274,990,990,3,1,3,5,0,0,576,0,0,0.0,0
214,60,0.0,10900,0,6,7,43,3,7,7,153.0,3,4,3,1,311,689,1392,3,1,3,6,0,0,299,0,0,0.0,0
215,20,72.0,10011,0,5,6,63,3,7,7,64.0,3,3,3,1,710,1070,1236,2,1,4,6,1,1,447,0,0,0.0,0
216,20,65.0,8450,0,7,5,16,3,11,11,266.0,4,4,3,2,490,1436,1436,3,1,4,8,0,0,484,0,0,0.0,0
217,70,57.0,9906,0,4,4,95,3,6,6,0.0,3,3,3,1,686,686,1328,3,1,3,8,0,0,210,0,0,0.0,0
218,50,0.0,15660,0,7,9,81,3,11,11,312.0,4,3,3,1,457,798,1954,3,1,4,8,0,2,431,0,0,0.0,0
219,120,43.0,3010,0,7,5,15,3,11,11,16.0,4,4,3,3,1232,1248,1248,2,1,4,5,0,0,438,0,0,1.0,0
220,20,73.0,8990,0,7,5,14,3,11,11,0.0,4,4,3,2,1498,1498,1498,2,1,4,5,0,0,675,0,0,1.0,0
221,60,0.0,8068,0,6,5,18,3,11,11,0.0,4,4,3,1,1010,1010,2267,4,1,4,8,0,1,390,0,0,0.0,0
222,60,85.0,11475,0,6,6,45,3,11,11,0.0,3,4,3,1,163,713,1552,3,1,3,6,0,1,434,0,0,0.0,0
223,20,70.0,10500,0,4,6,49,3,7,7,0.0,3,3,3,1,160,864,864,2,1,3,4,0,0,576,0,0,0.0,1
224,20,103.0,13472,0,10,5,17,3,11,11,922.0,5,5,3,4,2336,2392,2392,3,1,5,8,0,1,968,0,0,0.0,0
225,160,21.0,1680,0,5,5,49,3,7,7,142.0,3,3,3,1,630,630,1302,3,1,3,6,0,0,280,0,0,0.0,1
226,60,82.0,9950,0,7,5,25,3,11,11,290.0,4,4,3,1,638,1203,2520,4,1,4,9,0,1,721,0,0,0.0,1
227,160,21.0,1869,0,6,6,50,3,7,7,127.0,3,3,3,1,162,483,987,2,1,3,5,0,0,280,0,0,0.0,0
228,20,70.0,8521,0,5,5,53,3,7,7,0.0,3,3,3,1,70,912,912,3,1,3,5,0,1,336,0,0,0.0,0
229,120,43.0,3182,0,7,5,15,3,11,11,16.0,4,4,3,3,1357,1373,1555,2,1,4,7,0,1,430,0,0,0.0,0
230,20,73.0,8760,0,6,6,61,3,6,6,220.0,3,3,3,1,1194,1194,1194,3,1,3,6,0,0,312,0,0,0.0,0
231,60,174.0,15138,0,8,5,25,3,11,11,506.0,4,4,3,1,773,1462,2794,4,1,5,9,0,1,810,0,0,0.0,0
232,160,21.0,1680,0,6,5,48,3,7,7,297.0,3,3,3,1,483,483,987,2,1,3,5,0,1,288,0,0,0.0,0
233,20,75.0,10650,0,5,6,44,3,7,7,0.0,3,3,4,3,0,894,894,3,1,3,5,0,0,308,0,0,0.0,0
235,160,21.0,1680,0,6,3,49,3,7,7,604.0,3,3,3,1,125,483,987,2,1,3,5,0,0,264,0,0,0.0,0
236,20,65.0,8773,0,7,5,16,3,11,11,98.0,4,4,3,3,1390,1414,1414,3,1,4,6,0,0,494,0,0,0.0,0
237,60,0.0,9453,0,7,7,27,3,7,7,0.0,4,4,3,1,594,996,1744,3,1,4,7,0,0,457,0,0,0.0,0
238,20,93.0,12030,0,8,5,13,3,11,11,254.0,5,5,3,1,1694,1694,1694,3,1,4,7,0,0,818,0,0,1.0,0
239,50,52.0,8741,0,6,4,75,3,11,11,0.0,3,3,2,1,641,735,1487,3,1,3,7,0,1,220,0,0,0.0,0
240,20,75.0,9000,0,8,5,12,3,11,11,36.0,4,4,3,3,488,1566,1566,3,1,4,7,0,0,750,0,0,0.0,0
242,50,63.0,5000,0,5,4,120,3,5,5,0.0,3,3,3,1,540,540,1440,3,1,3,6,0,0,352,0,0,0.0,0
243,160,75.0,10762,0,6,6,40,3,9,9,0.0,3,4,3,1,626,626,1217,3,1,3,6,0,1,288,0,0,0.0,0
244,60,0.0,8880,0,7,5,26,3,11,11,0.0,4,4,3,1,253,948,2110,3,1,4,8,0,2,463,0,0,0.0,0
245,20,80.0,10400,0,7,5,32,3,5,5,102.0,3,4,3,3,916,1845,1872,3,1,3,6,0,1,604,0,0,0.0,0
246,190,69.0,9142,0,6,8,110,3,3,3,0.0,3,2,3,1,1020,1020,1928,4,2,2,9,0,0,440,0,0,0.0,0
247,20,75.0,11310,0,6,5,66,3,5,10,0.0,3,3,3,1,1367,1367,1375,2,1,3,5,0,1,451,0,0,0.0,0
248,60,72.0,11317,0,7,5,17,3,11,11,101.0,4,4,3,1,840,840,1668,3,1,4,8,0,0,500,0,0,0.0,0
249,50,0.0,159000,0,6,7,62,3,5,7,472.0,4,4,3,4,747,1444,2144,4,1,4,7,0,2,389,0,0,0.0,0
251,120,44.0,4750,0,8,5,14,3,11,11,481.0,4,4,3,4,0,1573,1625,2,1,4,5,0,1,538,153,0,0.0,0
252,60,65.0,8366,0,6,5,16,3,11,11,0.0,4,4,3,1,798,798,1640,3,1,4,6,0,0,520,0,0,0.0,0
253,80,85.0,9350,0,6,7,56,3,7,7,108.0,3,4,3,4,452,1302,1302,3,1,4,7,1,0,309,0,0,0.0,0
254,20,70.0,8400,0,5,6,63,3,6,6,0.0,3,3,3,1,392,1314,1314,3,1,3,5,0,0,294,0,0,0.0,0
255,60,66.0,8738,0,7,5,21,3,11,11,302.0,4,4,3,1,975,975,2291,4,1,4,8,0,1,429,0,0,0.0,0
256,60,64.0,8791,0,6,5,17,3,11,11,0.0,4,4,3,1,361,864,1728,3,1,4,7,0,0,673,0,0,0.0,0
257,20,68.0,8814,0,7,5,14,3,11,11,180.0,4,4,3,1,270,1604,1604,3,1,4,8,0,1,660,0,0,0.0,1
258,60,80.0,12435,0,7,5,19,3,11,11,172.0,4,4,3,1,602,963,1792,3,1,4,7,0,1,564,0,0,0.0,0
259,20,70.0,12702,0,5,5,64,3,10,10,0.0,3,0,0,0,0,0,882,2,1,3,4,0,0,308,0,0,0.0,0
260,80,120.0,19296,0,6,5,58,3,5,5,399.0,3,3,3,4,0,1362,1382,3,1,3,6,0,1,884,0,0,0.0,0
261,60,69.0,9588,0,8,5,13,3,12,12,270.0,4,5,3,1,1482,1482,2574,3,1,5,10,0,1,868,0,0,1.0,0
262,80,88.0,8471,0,6,7,43,3,7,9,46.0,3,4,4,3,0,506,1212,3,1,3,6,0,1,492,0,0,0.0,0
263,50,50.0,5500,0,5,7,91,3,5,5,0.0,3,3,3,1,0,926,1316,3,1,3,6,0,0,484,0,0,0.0,0
264,30,30.0,5232,0,5,5,95,3,5,5,0.0,3,2,3,1,680,680,764,2,1,3,4,0,0,504,0,0,0.0,0
265,20,78.0,12090,0,6,6,39,3,6,6,210.0,3,4,3,1,606,1422,1422,3,1,4,7,0,1,576,0,0,0.0,0
266,60,70.0,11207,0,6,5,23,3,11,11,0.0,3,4,3,3,88,802,1511,3,1,3,8,0,1,413,0,0,0.0,0
267,75,60.0,8400,0,5,8,81,3,5,5,0.0,3,3,3,1,342,720,2192,4,1,4,8,0,1,240,0,0,0.0,0
268,30,71.0,6900,0,5,6,80,3,11,11,0.0,3,3,3,1,212,740,778,2,1,3,4,0,1,924,0,0,0.0,0
269,20,0.0,7917,0,6,7,44,3,7,7,174.0,3,3,4,1,392,1143,1113,3,1,3,6,0,1,504,0,0,0.0,0
270,60,84.0,10728,0,8,5,14,3,11,11,0.0,4,4,3,2,1095,1095,1939,3,1,4,8,0,1,1053,0,0,1.0,0
271,20,73.0,39104,0,7,7,66,5,9,9,0.0,3,4,3,4,96,1385,1363,2,1,3,5,3,2,439,0,0,0.0,0
272,60,92.0,11764,0,8,7,21,3,11,11,348.0,4,4,3,1,628,1152,2270,4,1,4,9,0,1,671,0,0,0.0,0
273,20,80.0,9600,0,6,6,62,3,5,5,183.0,3,3,3,1,0,1240,1632,3,1,3,6,1,1,338,0,0,0.0,0
274,20,76.0,8314,0,5,7,38,3,7,4,0.0,3,3,3,4,270,816,816,2,1,3,5,0,0,264,0,0,0.0,0
275,50,55.0,7264,0,7,7,95,3,5,5,0.0,4,3,3,1,952,952,1548,3,1,5,5,0,0,672,144,0,0.0,0
276,20,129.0,9196,0,7,5,17,3,11,11,0.0,4,5,3,1,1560,1560,1560,3,1,4,7,0,0,573,0,0,0.0,0
277,20,140.0,19138,0,4,5,69,3,11,11,0.0,3,3,3,1,744,864,864,2,1,3,4,0,0,400,0,0,0.0,0
278,20,107.0,14450,0,9,5,14,3,12,12,315.0,5,5,3,4,2121,2121,2121,3,1,5,8,0,1,732,142,0,1.0,0
279,60,83.0,10005,0,7,5,43,3,9,9,299.0,3,4,3,1,768,1160,2022,4,1,3,8,0,1,505,0,0,0.0,0
280,60,82.0,11287,0,7,6,31,3,9,9,340.0,4,4,3,3,386,807,1982,3,1,4,7,0,1,575,0,0,0.0,0
281,20,60.0,7200,0,6,5,14,3,11,11,68.0,4,4,3,1,357,1262,1262,2,1,4,5,0,0,572,0,0,1.0,0
282,120,34.0,5063,0,7,5,13,3,11,11,166.0,4,4,3,1,410,1314,1314,2,1,4,6,0,1,626,0,0,0.0,0
283,20,74.0,9612,0,8,5,12,3,11,11,72.0,4,4,3,1,1468,1468,1468,3,1,4,6,0,1,898,0,0,1.0,0
284,120,50.0,8012,0,6,5,28,3,9,4,0.0,4,4,3,1,1145,1575,1575,2,1,4,5,0,0,529,0,0,0.0,0
285,160,35.0,4251,0,7,5,14,3,6,6,0.0,4,4,3,1,625,625,1250,2,1,4,5,0,0,528,0,0,1.0,0
286,50,77.0,9786,0,6,7,58,3,5,5,0.0,3,3,3,1,312,912,1734,3,1,4,7,0,1,440,128,0,0.0,0
288,20,0.0,9819,0,5,5,53,3,6,6,31.0,3,3,3,1,432,882,900,3,1,3,5,0,0,280,0,0,0.0,0
289,70,60.0,8730,0,6,7,105,3,5,5,0.0,3,3,3,1,698,698,1396,3,1,3,7,0,0,384,259,0,0.0,0
290,60,120.0,15611,0,8,5,14,3,11,11,0.0,4,4,3,3,1079,1079,1919,3,1,4,8,0,1,685,0,0,1.0,0
292,50,60.0,11409,0,5,4,71,3,5,5,0.0,3,3,3,1,476,768,1716,3,1,3,8,2,1,281,160,0,0.0,0
293,60,0.0,16659,0,7,7,43,3,9,9,34.0,3,3,3,1,0,795,2263,3,1,4,9,0,1,539,0,0,0.0,0
294,20,80.0,9600,0,6,5,67,3,7,7,238.0,3,3,3,1,131,1416,1644,3,1,3,7,0,2,418,0,0,0.0,0
295,80,37.0,7937,0,6,6,36,3,7,7,0.0,3,3,3,3,184,1003,1003,3,1,3,6,0,0,588,0,0,0.0,0
296,50,75.0,13710,0,5,5,70,3,5,5,0.0,3,3,3,1,490,910,1558,4,1,3,6,0,0,282,0,0,0.0,0
297,60,66.0,7399,0,7,5,23,3,11,11,1600.0,4,4,3,1,326,975,1950,3,1,4,7,0,1,576,198,0,0.0,0
298,60,90.0,11700,0,6,6,52,3,7,2,365.0,4,3,3,1,143,702,1743,3,1,3,7,0,1,539,0,0,0.0,0
299,20,80.0,14000,0,6,8,70,3,7,7,0.0,3,3,3,1,1092,1092,1152,3,1,4,6,0,1,300,0,0,0.0,0
300,190,90.0,15750,0,5,5,67,3,6,6,56.0,3,3,3,2,324,1165,1336,2,1,3,5,0,2,375,0,0,0.0,0
301,60,66.0,16226,0,8,5,22,3,11,11,0.0,4,4,3,1,747,1028,2452,4,1,4,9,0,1,683,0,0,0.0,0
302,20,118.0,13704,0,7,5,19,3,11,11,150.0,4,4,3,1,1541,1541,1541,3,1,4,6,0,1,843,0,0,0.0,0
303,20,70.0,9800,0,5,7,48,3,11,11,0.0,3,3,3,1,0,894,894,3,1,3,5,0,0,552,0,0,0.0,1
304,75,87.0,18386,0,7,9,140,3,12,12,0.0,3,3,3,1,1470,1470,3493,3,1,4,10,0,1,870,0,0,0.0,0
305,20,80.0,10386,0,8,5,16,3,12,12,246.0,4,4,3,1,536,2000,2000,3,1,4,8,0,0,888,0,0,0.0,0
306,60,116.0,13474,0,7,5,30,3,7,9,246.0,4,4,3,1,0,700,2243,4,1,4,8,0,1,746,0,0,0.0,0
308,30,0.0,12342,0,4,5,80,3,11,11,0.0,3,3,3,1,599,861,861,1,1,3,4,0,0,539,0,0,0.0,0
309,20,90.0,12378,0,9,5,17,3,11,11,0.0,4,5,3,4,622,1896,1944,3,1,5,8,0,3,708,0,0,0.0,0
310,60,0.0,7685,0,6,5,27,3,7,7,112.0,3,4,3,1,179,697,1501,3,1,4,6,0,1,420,0,0,0.0,0
311,20,50.0,8000,0,6,6,72,3,11,11,0.0,3,3,3,1,292,972,972,2,1,3,5,0,1,240,0,0,0.0,0
312,190,65.0,7800,0,5,7,81,3,6,6,0.0,3,4,3,2,286,793,1118,3,1,3,5,0,1,410,271,0,0.0,0
313,20,150.0,215245,0,7,5,55,3,10,10,0.0,3,4,3,4,80,2136,2036,3,1,3,8,0,2,513,0,0,0.0,0
314,70,60.0,9600,0,7,7,95,3,5,5,0.0,3,3,4,1,712,728,1641,3,1,5,6,0,1,546,0,0,0.0,0
315,60,71.0,7795,0,7,5,16,3,11,11,0.0,4,4,3,1,291,716,1432,3,1,4,6,0,1,432,0,0,0.0,0
316,60,94.0,13005,0,7,7,40,3,12,12,278.0,4,4,3,1,153,845,2353,4,1,5,10,0,1,484,0,0,0.0,0
317,60,75.0,9000,0,8,5,14,3,11,11,0.0,4,4,3,3,1088,1088,1959,3,1,4,8,0,1,1025,0,0,0.0,0
318,60,90.0,9900,0,7,5,27,3,7,7,256.0,4,4,3,4,360,1347,2646,4,1,4,9,0,1,656,0,0,0.0,0
319,80,0.0,14115,0,7,5,40,3,9,9,225.0,3,4,3,3,336,1372,1472,3,1,3,6,0,2,588,0,0,0.0,0
320,60,111.0,16259,0,9,5,14,3,11,11,370.0,3,5,4,3,1249,1249,2596,4,1,4,9,0,0,840,0,0,1.0,0
321,60,99.0,12099,0,8,5,16,3,11,11,388.0,4,5,3,3,166,1136,2468,4,1,4,10,0,1,872,0,0,0.0,0
322,60,86.0,10380,0,7,5,34,3,9,9,172.0,4,3,3,4,0,1502,2730,4,1,4,8,0,1,576,0,0,0.0,0
323,20,49.0,5820,0,3,8,65,3,11,11,0.0,3,3,3,1,906,1162,1163,3,1,3,6,0,0,220,0,0,0.0,0
324,80,96.0,11275,0,7,7,53,4,5,5,300.0,4,4,3,1,710,710,2978,5,1,4,11,0,1,564,0,0,0.0,0
325,45,50.0,5000,0,5,6,79,3,6,6,0.0,3,3,3,3,604,720,803,2,1,3,5,0,0,360,0,0,0.0,0
326,120,32.0,10846,0,8,5,27,3,10,10,0.0,4,4,3,4,100,1719,1719,1,1,4,6,0,2,473,0,0,0.0,0
327,20,80.0,11600,0,6,5,60,3,5,5,175.0,3,3,3,1,818,1383,1383,3,1,3,7,0,0,292,0,0,0.0,0
328,75,0.0,11888,0,6,6,104,3,5,8,0.0,3,3,3,1,844,844,2134,5,1,4,10,0,0,441,0,0,0.0,0
329,70,60.0,6402,0,5,5,100,3,5,8,0.0,3,3,3,2,596,596,1192,3,1,3,6,0,0,189,0,0,0.0,0
330,90,0.0,10624,0,5,4,56,3,7,7,84.0,3,3,3,1,1424,1728,1728,6,2,3,10,0,0,352,0,0,0.0,0
331,20,70.0,8176,0,5,6,62,3,5,5,0.0,3,3,3,1,210,1056,1056,3,1,3,6,0,0,308,0,0,0.0,0
332,20,85.0,10655,0,8,5,17,3,11,11,296.0,4,4,3,1,1603,3206,1629,3,1,4,7,0,1,880,0,0,0.0,0
333,120,59.0,8198,0,7,5,16,3,11,11,146.0,4,4,3,3,638,1358,1358,2,1,4,6,0,1,484,0,0,0.0,0
334,60,59.0,9042,0,6,5,22,3,11,11,0.0,3,4,3,4,115,943,1638,3,1,3,7,0,2,472,0,0,0.0,0
335,190,0.0,164660,0,5,6,55,3,9,9,0.0,3,3,3,4,103,1499,1786,3,1,3,7,0,2,529,0,0,0.0,0
336,20,86.0,14157,0,9,5,15,3,11,11,200.0,4,5,3,4,673,1922,1922,3,1,4,8,0,1,676,0,0,0.0,0
337,20,70.0,9135,0,7,5,18,3,11,11,113.0,4,4,3,3,726,1536,1536,3,1,4,7,0,0,532,0,0,0.0,0
338,20,91.0,14145,0,7,7,36,3,5,5,0.0,4,4,3,2,995,1208,1621,3,1,4,8,0,0,440,0,0,0.0,0
339,20,66.0,12400,0,6,7,62,3,5,5,176.0,3,3,2,1,630,1215,1215,3,1,3,6,0,0,297,234,0,0.0,0
340,60,85.0,14191,0,8,5,18,3,11,11,0.0,4,4,3,1,967,967,1908,4,1,4,9,0,0,431,0,0,0.0,0
341,20,60.0,8400,0,4,4,70,3,5,3,0.0,2,3,2,1,721,721,841,2,1,3,4,0,0,294,0,0,0.0,0
342,90,0.0,8544,0,3,4,71,3,4,4,340.0,3,0,0,0,0,0,1040,2,2,3,6,0,0,400,0,0,0.0,0
343,120,63.0,8849,0,9,5,15,3,6,6,616.0,5,5,3,1,1656,1684,1684,2,1,5,6,0,1,564,0,0,0.0,0
344,160,36.0,2592,0,5,3,44,3,12,12,0.0,3,4,3,1,175,536,1112,3,1,3,4,0,0,336,0,0,0.0,0
345,50,65.0,6435,0,6,5,81,3,6,6,0.0,3,3,3,1,972,972,1577,3,1,2,6,0,1,312,0,0,0.0,0
346,20,0.0,12772,0,6,8,60,3,6,6,0.0,3,3,3,2,460,958,958,2,1,3,5,0,0,301,0,0,0.0,0
347,20,0.0,17600,0,6,5,60,3,5,5,30.0,3,3,3,1,208,1478,1478,3,1,3,6,0,2,498,0,0,0.0,0
348,160,36.0,2448,0,7,5,17,3,11,8,106.0,4,4,3,1,191,764,1626,2,1,4,6,0,0,474,0,0,0.0,0
349,60,56.0,20431,0,9,5,15,3,12,12,870.0,5,5,3,1,438,1848,2728,4,1,5,10,0,2,706,0,0,1.0,0
350,120,68.0,7820,0,9,5,13,3,6,6,362.0,5,5,3,1,1869,1869,1869,2,1,5,6,0,1,617,0,0,1.0,0
351,120,0.0,5271,0,7,5,34,3,5,5,0.0,3,4,3,4,371,1453,1453,2,1,4,6,0,1,445,184,0,0.0,1
352,50,60.0,9084,0,5,6,79,3,11,11,0.0,3,3,2,2,0,616,1111,3,1,3,5,0,0,200,0,0,0.0,0
353,30,60.0,8520,0,6,8,92,3,11,11,0.0,3,3,3,1,624,624,720,2,1,3,5,0,0,484,0,0,0.0,0
354,50,60.0,8400,0,6,5,80,3,5,6,0.0,3,3,3,1,552,940,1595,2,1,3,6,0,2,240,0,0,0.0,0
355,20,105.0,11249,0,6,5,25,3,11,11,0.0,4,4,4,1,322,1200,1200,3,1,4,6,0,0,521,0,0,0.0,0
356,20,0.0,9248,0,6,6,28,3,7,7,106.0,3,4,3,1,598,1158,1167,3,1,4,6,0,0,400,0,0,0.0,0
357,120,44.0,4224,0,5,5,44,3,12,12,0.0,3,4,3,1,268,1142,1142,3,1,3,6,0,1,528,0,0,0.0,0
358,80,92.0,6930,0,5,4,62,3,5,4,120.0,3,3,3,3,468,1062,1352,3,1,4,6,2,0,288,0,0,0.0,1
359,60,78.0,12011,0,8,5,22,3,11,11,530.0,4,4,3,3,130,1086,1924,3,1,4,7,0,1,592,374,0,0.0,0
360,85,0.0,7540,0,6,6,42,3,11,11,0.0,3,4,3,3,115,888,912,2,1,3,5,0,1,470,192,0,0.0,0
361,50,0.0,9144,0,5,5,80,3,6,6,0.0,3,3,3,1,484,883,1505,3,1,3,8,0,0,240,0,0,0.0,0
362,85,64.0,7301,0,7,5,17,3,7,7,500.0,4,0,0,0,0,0,1922,4,1,4,7,0,1,672,0,0,0.0,0
363,160,21.0,1680,0,6,8,48,3,7,7,510.0,3,3,3,1,321,483,987,2,1,4,5,0,0,264,0,0,0.0,0
364,60,0.0,18800,0,6,5,44,3,7,7,120.0,3,4,3,2,84,796,1574,3,1,3,6,0,1,566,0,0,0.0,0
365,70,59.0,10690,0,5,7,100,3,11,11,0.0,3,3,2,1,216,672,1344,3,1,3,6,0,0,468,0,0,0.0,0
366,20,0.0,9500,0,6,5,57,3,9,9,247.0,3,4,3,1,785,1394,1394,3,1,3,6,0,2,514,185,0,0.0,0
367,80,101.0,9150,0,6,5,58,1,9,9,305.0,3,4,3,4,728,1099,1431,3,1,3,6,0,1,296,0,0,0.0,0
368,20,78.0,7800,0,5,6,66,3,7,7,200.0,3,3,3,1,728,1268,1268,2,1,3,7,0,1,244,0,0,0.0,0
369,20,0.0,9830,0,5,7,61,3,5,5,0.0,3,3,3,1,733,1063,1287,3,1,4,7,0,1,576,182,0,0.0,0
370,60,0.0,8121,0,6,5,20,3,11,11,0.0,3,4,3,1,953,953,1664,3,1,3,7,0,1,460,0,0,0.0,0
371,50,80.0,17120,0,4,4,61,3,8,9,0.0,3,0,0,0,0,0,1588,4,1,3,7,2,1,680,0,0,0.0,0
372,120,50.0,7175,0,6,5,36,3,9,9,0.0,3,4,3,1,0,744,752,2,1,3,4,0,0,264,90,0,0.0,0
373,20,79.0,10634,0,5,6,67,3,6,6,0.0,3,3,3,1,0,608,1319,3,1,3,5,2,0,270,0,0,0.0,0
374,60,65.0,8200,0,7,5,17,3,11,11,0.0,4,4,3,1,847,847,1928,4,1,4,8,0,1,434,0,0,0.0,0
376,85,57.0,8846,0,5,5,24,3,11,11,0.0,4,4,3,3,572,870,914,2,1,3,5,0,0,576,0,0,0.0,0
377,60,102.0,11143,0,8,5,16,3,12,12,0.0,4,4,3,1,1580,1580,2466,4,1,4,8,0,1,610,0,0,0.0,0
378,20,88.0,11394,0,9,2,10,3,11,11,350.0,4,5,3,3,411,1856,1856,1,1,5,8,0,1,834,0,0,1.0,0
379,60,60.0,8123,0,6,5,20,3,11,11,16.0,3,4,3,1,982,982,1800,3,1,3,7,0,1,463,0,0,0.0,0
380,50,50.0,5000,0,5,6,96,3,10,5,0.0,3,3,3,1,808,1026,1691,3,1,4,6,0,1,308,0,0,0.0,0
381,20,60.0,7200,0,7,5,14,3,11,11,0.0,4,4,4,1,1293,1293,1301,2,1,4,5,0,1,572,0,0,1.0,0
382,60,79.0,9245,0,7,5,14,3,11,11,0.0,4,4,3,3,939,939,1797,3,1,4,8,0,0,639,0,0,0.0,0
383,45,60.0,9000,0,6,3,92,3,5,5,0.0,3,2,2,1,784,784,784,2,1,3,5,0,0,360,0,0,0.0,0
384,60,0.0,53107,0,6,5,28,3,7,7,0.0,4,4,3,3,595,1580,1953,3,1,4,9,0,2,501,0,0,0.0,0
385,120,43.0,3182,0,8,5,16,3,11,11,16.0,4,4,3,1,1232,1256,1269,2,1,4,6,0,1,430,144,0,0.0,0
387,80,72.0,7200,0,6,6,44,3,6,6,255.0,3,3,3,3,410,1041,1125,3,1,3,6,0,1,352,0,0,0.0,1
388,20,93.0,9382,0,7,5,21,3,11,11,125.0,4,4,3,1,1468,1468,1479,3,1,4,6,0,0,577,0,0,0.0,0
389,60,96.0,12474,0,10,5,13,3,11,11,272.0,5,5,3,3,402,1682,2332,3,1,5,9,0,1,846,0,0,1.0,0
390,50,50.0,8405,0,5,8,120,3,6,6,0.0,3,3,4,1,229,861,1367,4,1,3,7,0,0,384,0,0,0.0,0
391,60,71.0,12209,0,6,5,19,3,11,11,0.0,3,5,3,1,114,804,1961,3,1,4,7,0,1,560,0,0,0.0,0
392,20,0.0,8339,0,5,7,61,3,6,6,0.0,3,0,0,0,0,0,882,3,1,3,5,0,0,294,0,0,0.0,0
394,50,60.0,10134,0,5,6,80,3,6,6,0.0,3,3,3,1,735,735,1034,2,1,3,5,0,0,240,0,0,0.0,0
395,20,68.0,9571,0,5,6,64,3,5,5,0.0,3,3,3,3,405,1144,1144,3,1,3,6,0,0,596,0,0,0.0,0
396,20,60.0,7200,0,5,5,48,3,6,6,0.0,3,3,3,3,117,894,894,2,1,3,6,0,0,600,0,0,0.0,0
397,60,69.0,7590,0,5,5,58,3,11,11,288.0,3,3,3,1,324,864,1812,4,1,3,8,0,1,264,0,0,0.0,0
398,30,60.0,8967,0,5,2,100,3,6,6,0.0,3,2,1,1,961,961,1077,2,1,3,6,5,0,338,0,0,0.0,1
399,60,65.0,8125,0,7,5,14,3,12,12,100.0,4,4,3,1,280,1092,1550,2,1,4,7,0,0,438,0,0,0.0,0
400,120,38.0,14963,0,8,5,24,3,10,10,0.0,4,4,3,1,474,1260,1288,1,1,5,4,0,2,500,224,0,0.0,0
401,20,65.0,8767,0,7,5,15,3,11,11,0.0,4,4,3,3,1286,1310,1310,3,1,4,6,0,1,400,0,0,1.0,0
402,30,60.0,10200,0,5,8,80,3,5,5,0.0,3,3,3,1,672,672,672,2,1,3,4,0,0,240,0,0,0.0,0
403,60,93.0,12090,0,8,5,22,3,11,11,650.0,4,4,3,1,1141,1141,2263,4,1,4,10,0,1,420,0,0,0.0,1
404,60,0.0,10364,0,6,5,25,3,6,6,0.0,3,4,3,1,806,806,1572,3,1,3,7,0,1,373,0,0,0.0,0
405,20,0.0,9991,0,4,4,44,3,9,9,0.0,3,3,3,1,165,1281,1620,3,1,3,8,1,1,490,0,0,0.0,0
406,50,51.0,10480,0,6,5,84,3,6,6,0.0,3,3,3,1,1064,1064,1639,3,1,3,6,5,0,240,0,0,0.0,0
407,70,63.0,15576,0,6,7,105,3,5,9,0.0,3,4,3,1,840,840,1680,4,1,3,8,0,0,308,0,0,0.0,0
408,60,109.0,14154,0,7,5,14,3,11,11,350.0,4,5,4,1,1063,1063,2172,3,1,4,9,0,1,947,0,0,1.0,0
409,60,85.0,10800,0,8,5,13,3,11,11,100.0,4,5,3,1,245,1034,2078,3,1,5,8,0,1,836,0,0,1.0,0
410,20,68.0,9571,0,5,3,62,3,1,1,0.0,3,3,2,1,1276,1276,1276,3,1,3,5,3,0,350,0,0,0.0,1
411,190,100.0,34650,0,5,5,65,3,5,5,0.0,3,3,3,2,0,1056,1056,3,1,3,5,0,0,572,0,0,0.0,0
412,20,0.0,4403,0,7,5,11,3,6,6,432.0,5,5,3,3,892,1470,1478,2,1,4,7,0,1,484,0,0,1.0,0
413,30,56.0,8960,0,5,6,93,3,8,8,0.0,3,3,3,1,1008,1008,1028,2,1,3,5,0,1,360,0,0,0.0,0
414,60,59.0,11228,0,7,5,27,3,11,11,0.0,4,4,3,1,499,1080,2097,3,1,4,9,0,1,678,0,0,0.0,0
415,20,73.0,8899,0,7,5,13,3,11,11,0.0,4,4,3,3,1316,1340,1340,3,1,4,6,0,0,396,0,0,1.0,0
416,60,74.0,7844,0,6,7,42,3,7,7,203.0,3,3,3,1,463,672,1400,3,1,3,6,0,1,440,0,0,0.0,0
417,70,86.0,22420,0,6,6,102,3,5,4,0.0,3,4,3,1,242,1370,2624,4,1,3,10,0,1,864,0,0,0.0,0
418,50,60.0,8160,0,5,6,80,3,6,6,0.0,3,3,3,1,444,756,1134,3,1,3,7,0,0,240,0,0,0.0,0
419,20,65.0,8450,0,5,6,52,3,11,11,0.0,3,3,3,1,281,1056,1056,3,1,3,6,0,1,304,0,0,0.0,0
420,90,78.0,7060,0,7,5,23,3,11,11,200.0,3,4,4,4,35,1344,1344,2,2,3,8,0,0,784,0,0,0.0,0
421,20,0.0,16635,0,6,7,43,3,12,12,126.0,4,4,3,1,356,1602,1602,3,1,4,8,0,1,529,0,0,0.0,0
422,20,100.0,21750,0,5,5,66,3,7,7,0.0,3,3,3,1,988,988,988,2,1,3,4,0,0,520,0,0,0.0,0
423,60,80.0,9200,0,8,5,22,3,11,11,473.0,4,4,3,1,484,1470,2630,4,1,4,8,0,1,696,0,0,0.0,0
424,20,72.0,9000,0,6,5,64,3,5,5,74.0,3,4,3,1,580,1196,1196,2,1,3,6,0,1,297,0,0,0.0,0
425,60,60.0,3378,0,7,8,74,3,7,7,0.0,3,3,3,1,651,651,1389,3,1,3,6,0,2,240,0,0,0.0,0
426,80,0.0,12800,0,7,5,31,3,5,5,145.0,4,4,3,4,0,1518,1644,2,1,4,5,0,1,569,396,0,0.0,0
427,20,77.0,8593,0,4,6,63,3,6,6,0.0,3,3,3,1,619,907,907,3,1,3,5,0,0,352,0,0,0.0,0
428,20,64.0,6762,0,7,5,13,3,11,11,108.0,4,4,3,1,544,1208,1208,2,1,4,6,0,0,628,0,0,1.0,0
429,20,130.0,11457,0,6,5,32,3,7,7,0.0,3,4,3,2,387,1392,1412,3,1,4,6,0,1,576,0,0,0.0,0
430,160,21.0,1680,0,6,5,49,3,7,7,232.0,3,3,3,1,96,483,987,2,1,3,4,0,0,264,0,0,0.0,1
432,160,24.0,1920,0,5,5,49,3,7,7,376.0,3,3,3,1,294,765,1365,2,1,3,6,1,0,440,0,0,0.0,0
433,60,100.0,10839,0,6,5,23,3,11,11,0.0,3,4,3,1,926,926,1604,3,1,3,7,0,1,470,0,0,0.0,0
435,60,43.0,10667,0,7,6,24,3,11,11,0.0,4,4,3,3,70,799,1661,3,1,4,6,0,1,550,0,0,0.0,0
436,50,40.0,4400,0,6,8,100,3,4,4,0.0,3,2,3,1,648,648,1118,2,1,3,6,0,0,440,0,0,0.0,0
437,45,50.0,6000,0,6,7,94,3,5,5,0.0,4,3,3,1,884,884,904,2,1,3,4,0,0,180,0,0,0.0,0
438,30,40.0,4280,0,5,6,107,3,8,4,0.0,3,3,3,1,75,440,694,2,1,4,4,0,1,352,0,0,0.0,0
439,50,67.0,12354,0,6,8,100,3,5,5,0.0,3,3,2,2,684,684,1196,3,1,4,7,0,0,528,0,0,0.0,0
440,20,105.0,15431,0,10,5,12,3,11,11,200.0,5,5,3,4,788,3094,2402,2,1,5,10,0,2,672,170,0,0.0,0
442,50,52.0,6240,0,5,7,90,3,6,6,0.0,3,3,3,1,1078,1078,1573,3,1,3,8,0,1,360,0,0,0.0,0
443,120,53.0,3922,0,7,5,14,3,8,8,72.0,4,5,3,3,1258,1258,1258,2,1,4,6,0,1,648,0,0,1.0,0
444,60,70.0,8750,0,7,5,26,3,11,11,0.0,4,4,3,1,273,915,1908,4,1,4,8,0,1,493,0,0,0.0,0
445,20,73.0,9855,0,6,5,64,3,5,5,0.0,3,3,3,1,1436,1436,1689,3,1,3,7,0,1,480,0,0,0.0,0
446,20,137.0,16492,0,6,6,54,3,10,9,0.0,4,3,3,1,557,1517,1888,2,1,4,6,3,1,578,0,0,0.0,0
447,60,0.0,11214,0,7,5,22,3,11,11,0.0,4,4,3,1,930,930,1886,4,1,4,10,0,1,431,0,0,0.0,0
448,50,50.0,8600,0,6,6,83,3,6,6,0.0,3,3,3,1,780,780,1376,3,1,3,7,0,1,198,0,0,0.0,0
449,50,50.0,6000,0,3,7,72,3,6,6,0.0,3,3,3,1,318,649,1183,2,1,3,6,0,0,308,0,0,0.0,0
450,30,70.0,5684,0,6,8,90,3,5,5,0.0,3,3,3,1,813,813,813,2,1,4,5,0,0,270,0,0,0.0,0
451,20,62.0,70761,0,7,5,45,6,9,9,0.0,3,4,3,4,878,1533,1533,2,1,4,5,0,2,576,0,0,0.0,0
452,60,0.0,9303,0,6,5,24,3,11,11,42.0,4,5,3,1,130,872,1756,3,1,3,7,0,0,422,0,0,0.0,0
453,60,75.0,9000,0,8,5,12,3,11,11,0.0,4,4,3,1,768,768,1590,3,1,4,6,0,0,676,0,0,0.0,0
454,90,63.0,9297,0,5,5,44,3,9,9,0.0,3,3,3,1,122,1728,1728,4,2,3,8,0,0,560,0,0,0.0,0
455,20,80.0,9600,0,7,6,47,3,7,7,320.0,3,3,3,1,326,1242,1242,3,1,3,6,0,1,528,0,0,0.0,0
456,70,34.0,4571,0,5,5,104,3,3,3,0.0,3,3,3,1,624,624,1344,4,1,3,7,0,0,513,0,0,0.0,1
457,20,0.0,53227,0,4,6,66,1,9,9,0.0,3,4,3,4,248,1364,1663,2,1,4,6,1,2,529,0,0,0.0,0
458,70,0.0,5100,0,8,7,95,3,4,8,0.0,3,3,3,1,588,588,1666,3,1,4,7,0,1,228,0,0,0.0,0
459,50,0.0,7015,0,5,4,70,3,6,6,161.0,3,3,3,1,524,709,1203,3,1,4,5,0,1,352,0,0,0.0,0
460,60,75.0,8004,0,8,5,11,3,11,11,110.0,4,4,3,1,288,832,1935,3,1,3,8,0,0,552,0,0,1.0,0
461,70,60.0,7200,0,7,9,84,3,5,5,0.0,4,4,4,1,0,560,1135,3,1,4,6,0,0,576,0,0,0.0,0
462,20,60.0,8281,0,5,5,55,3,6,6,0.0,3,3,3,1,0,864,864,3,1,3,5,0,1,360,0,0,0.0,0
463,70,74.0,11988,0,6,7,86,3,4,4,0.0,3,3,3,1,389,715,1660,3,1,3,6,0,1,240,0,0,0.0,0
465,120,0.0,3072,0,7,5,16,3,11,11,18.0,4,4,3,1,1375,1375,1414,2,1,4,6,0,1,398,0,0,0.0,0
466,20,85.0,10628,0,7,5,50,1,9,9,0.0,3,3,4,4,499,1277,1277,2,1,3,5,0,1,526,176,0,0.0,0
467,70,79.0,9480,0,5,7,78,3,6,6,224.0,3,3,3,1,342,728,1644,3,1,4,7,0,2,312,0,0,0.0,0
468,20,98.0,11428,0,8,5,14,3,11,11,248.0,4,4,3,1,1626,1626,1634,3,1,4,7,0,1,866,0,0,0.0,0
469,60,76.0,9291,0,6,5,27,3,7,7,120.0,4,4,3,1,406,832,1710,3,1,4,7,0,0,506,0,0,0.0,0
470,120,0.0,6820,0,8,5,35,3,7,7,0.0,4,4,3,3,0,1488,1502,1,1,4,4,0,0,528,140,0,0.0,0
471,60,92.0,11952,0,7,6,43,4,8,9,0.0,3,4,3,1,808,808,1969,3,1,3,8,0,1,534,276,0,0.0,0
472,180,35.0,3675,0,6,5,15,3,11,11,80.0,3,4,3,4,88,547,1072,2,1,3,5,0,0,525,0,0,0.0,0
473,20,110.0,14977,0,8,5,14,3,11,11,304.0,4,5,3,4,626,1976,1976,2,1,4,7,0,1,908,0,0,1.0,0
474,120,41.0,5330,0,8,5,20,3,12,12,0.0,4,4,3,3,298,1494,1652,2,1,5,6,0,0,499,0,0,0.0,0
475,20,80.0,8480,0,5,6,57,3,7,7,0.0,3,3,3,1,340,970,970,2,1,3,5,0,0,624,192,0,0.0,0
476,20,75.0,13125,0,6,5,23,3,11,11,215.0,3,4,3,4,484,1478,1493,3,1,4,7,0,1,508,0,0,0.0,0
477,60,105.0,13693,0,9,5,14,3,11,11,772.0,5,4,3,3,2153,2153,2643,3,1,5,9,0,1,694,0,0,0.0,0
478,20,79.0,10637,0,8,5,13,3,11,11,336.0,4,5,3,4,417,1705,1718,3,1,4,7,0,1,826,0,0,0.0,0
479,30,50.0,5925,0,4,7,83,3,4,4,435.0,3,2,3,1,739,907,1131,2,1,3,7,0,0,672,0,0,0.0,0
480,20,98.0,16033,0,9,5,16,3,11,11,378.0,4,5,3,4,572,1833,1850,3,1,4,8,0,1,772,0,0,0.0,0
481,20,72.0,11846,0,9,5,17,3,11,11,562.0,4,5,3,4,225,1792,1792,2,1,5,6,0,1,874,0,0,0.0,0
482,70,50.0,2500,0,7,8,105,3,4,4,0.0,4,3,3,1,611,910,1826,4,1,5,7,2,1,164,0,0,0.0,0
483,120,32.0,4500,0,6,5,22,3,11,11,116.0,3,5,3,1,319,1216,1216,2,1,3,5,0,0,402,0,0,0.0,0
484,20,0.0,7758,0,5,7,58,3,7,9,0.0,3,3,3,1,411,999,999,3,1,4,6,0,0,264,0,0,0.0,0
485,20,80.0,9600,0,5,7,70,3,6,6,0.0,4,3,3,1,506,1113,1113,3,1,4,5,0,1,264,0,0,0.0,0
486,20,79.0,10289,0,5,7,55,3,6,6,168.0,3,3,3,1,237,1073,1073,3,1,3,6,0,0,515,0,0,0.0,0
487,20,70.0,12243,0,5,6,49,3,9,9,0.0,3,4,3,3,486,1484,1484,3,1,3,7,0,1,487,180,0,0.0,0
488,190,60.0,10800,0,5,4,120,3,5,5,0.0,3,3,2,1,290,954,2414,3,2,3,10,3,1,520,0,0,0.0,0
489,180,21.0,1526,0,4,8,50,3,12,12,0.0,3,4,3,3,115,630,630,1,1,4,3,0,0,286,0,0,0.0,0
490,160,0.0,2665,0,5,6,44,3,12,12,0.0,3,4,3,2,264,264,1304,3,1,3,4,0,1,336,0,0,0.0,0
491,50,79.0,9490,0,6,7,79,3,5,5,0.0,3,3,3,1,238,806,1578,3,1,2,5,0,2,240,0,0,0.0,0
492,60,105.0,15578,0,6,5,14,3,11,11,0.0,4,4,3,1,728,728,1456,3,1,3,8,0,0,429,0,0,1.0,0
493,20,70.0,7931,0,5,6,60,3,10,5,0.0,3,3,3,1,363,1269,1269,3,1,3,6,0,1,308,0,0,0.0,0
494,30,50.0,5784,0,5,8,82,3,6,6,0.0,3,2,3,1,190,190,886,2,1,3,4,0,0,273,0,0,0.0,0
496,20,0.0,12692,0,8,5,28,3,10,10,0.0,4,4,3,1,1969,3200,3228,4,1,4,10,0,1,546,0,0,0.0,0
497,50,60.0,9120,0,7,6,95,3,5,5,0.0,3,3,3,1,697,1026,1820,4,1,3,8,0,0,240,0,0,0.0,0
498,20,65.0,7800,0,5,7,53,3,7,7,89.0,3,3,3,1,414,864,899,3,1,4,5,0,0,288,0,0,0.0,0
499,20,70.0,7535,0,5,7,62,3,6,6,0.0,3,3,3,1,522,912,912,2,1,3,5,0,0,297,0,0,0.0,0
500,160,21.0,1890,0,6,5,47,3,7,7,285.0,3,3,3,1,316,672,1218,3,1,3,7,0,0,264,0,0,0.0,0
501,60,75.0,9803,0,7,5,15,3,11,11,0.0,4,4,3,1,466,866,1768,3,1,4,7,0,0,603,0,0,0.0,0
502,20,70.0,9170,0,5,7,55,3,6,6,0.0,3,3,3,1,420,1214,1214,2,1,3,6,0,0,461,0,0,0.0,0
503,20,100.0,15602,0,7,8,61,3,10,5,0.0,3,3,3,1,254,1501,1801,1,1,3,6,0,2,484,161,0,0.0,0
504,160,24.0,2308,0,6,5,46,3,9,1,0.0,3,3,3,1,103,855,1322,3,1,3,6,0,1,440,0,0,0.0,0
505,90,60.0,7596,0,5,5,68,3,5,5,360.0,3,3,3,1,960,960,1960,4,2,3,10,0,0,400,0,0,0.0,0
506,60,80.0,9554,0,8,5,27,3,11,11,125.0,4,4,3,1,397,777,1911,3,1,4,8,0,1,471,0,0,0.0,0
507,20,75.0,7862,0,6,5,11,3,11,11,0.0,4,4,3,1,1191,1218,1218,2,1,4,4,0,0,676,0,0,1.0,0
508,70,60.0,9600,0,7,9,92,3,6,6,0.0,3,3,3,1,548,689,1378,3,1,4,7,0,1,360,0,0,0.0,0
509,20,80.0,9600,0,5,6,61,3,6,6,132.0,3,3,3,1,50,1041,1041,3,1,3,6,0,0,270,0,0,0.0,0
510,20,75.0,14559,0,5,7,69,3,5,5,70.0,4,3,3,1,178,1008,1363,2,1,3,6,1,2,288,168,0,0.0,0
511,120,40.0,6792,0,7,5,15,3,11,11,94.0,4,4,3,1,1368,1368,1368,2,1,4,6,0,1,474,0,0,1.0,0
512,20,70.0,9100,0,5,5,62,3,11,11,0.0,3,3,3,1,169,864,864,3,1,3,5,0,0,624,0,0,0.0,0
513,20,71.0,9187,0,6,5,37,3,11,11,0.0,3,3,3,1,748,1084,1080,3,1,3,5,0,0,484,0,0,0.0,0
514,45,55.0,10594,0,5,5,94,3,5,5,0.0,3,3,3,1,768,768,789,2,1,3,5,0,0,200,0,0,0.0,0
515,20,94.0,12220,0,10,5,11,3,12,12,305.0,5,5,3,1,570,2006,2020,3,1,5,9,0,1,900,0,0,1.0,0
516,80,0.0,10448,0,6,6,48,3,7,7,333.0,3,3,3,1,689,689,2119,3,1,3,7,0,1,583,0,0,0.0,1
517,60,79.0,10208,0,7,5,24,3,11,11,921.0,4,4,3,1,1264,1264,2344,3,1,4,7,0,1,889,0,0,0.0,0
518,60,0.0,9531,0,6,5,22,3,11,11,0.0,3,4,3,2,88,794,1796,3,1,3,7,0,0,546,0,0,0.0,0
519,70,53.0,10918,0,7,9,94,3,6,6,0.0,4,4,3,1,1276,1276,2080,3,1,4,9,0,2,282,145,0,0.0,0
521,20,90.0,11988,0,6,6,63,3,11,11,0.0,3,3,3,1,467,1244,1244,3,1,3,6,0,2,336,0,0,0.0,0
522,50,50.0,5000,0,6,7,73,3,12,12,0.0,3,3,3,1,605,1004,1664,3,1,3,7,0,2,420,0,0,0.0,0
523,60,130.0,40094,1,10,5,13,3,12,12,762.0,5,5,3,4,878,3138,4676,3,1,5,11,0,1,884,0,0,1.0,0
524,60,95.0,11787,0,7,5,24,3,11,11,594.0,4,4,3,1,660,1379,2398,3,1,4,8,0,1,834,0,0,0.0,0
525,20,62.0,7500,0,7,5,15,3,11,11,0.0,4,4,3,1,1257,1257,1266,3,1,4,6,0,1,453,0,0,0.0,0
526,20,70.0,13300,0,5,7,64,3,5,5,0.0,3,4,3,1,551,928,928,2,1,3,4,0,0,252,0,0,0.0,0
527,60,67.0,14948,0,9,5,12,3,11,11,268.0,5,5,3,3,122,1452,2713,3,1,5,11,0,1,858,0,0,1.0,0
530,80,85.0,10200,0,6,5,32,3,7,7,219.0,4,4,3,3,678,1461,1509,3,1,4,5,0,1,600,0,0,0.0,1
531,70,60.0,6155,-1,6,8,100,3,5,5,0.0,3,2,2,2,611,611,1362,3,1,3,6,0,0,502,0,0,0.0,0
532,20,60.0,7200,0,5,7,65,3,11,11,0.0,3,0,0,0,0,0,827,2,1,3,5,3,1,392,0,0,0.0,0
534,60,74.0,9056,0,8,5,16,3,11,11,0.0,4,5,4,3,707,707,1414,3,1,4,6,0,1,403,0,0,0.0,0
536,60,57.0,8924,0,7,5,22,3,11,11,0.0,3,4,3,3,880,880,1724,3,1,4,8,0,0,527,0,0,0.0,0
537,20,0.0,12735,0,4,5,48,3,6,6,0.0,3,3,3,1,264,864,864,3,1,3,5,0,0,576,0,0,0.0,0
538,20,0.0,11553,0,5,5,52,3,9,9,188.0,3,3,3,1,378,1051,1159,3,1,3,7,0,1,336,0,0,0.0,0
539,20,0.0,11423,0,8,5,19,3,11,11,479.0,4,4,3,3,223,1581,1601,3,1,4,6,0,1,670,0,0,0.0,0
540,20,85.0,14601,0,9,5,14,3,11,11,584.0,5,5,3,3,578,1838,1838,2,1,5,8,0,1,765,0,0,0.0,0
541,60,0.0,11000,0,8,5,20,3,11,11,72.0,4,4,3,1,969,969,2285,4,1,4,8,0,1,648,0,0,0.0,0
542,20,78.0,10140,0,7,5,22,3,11,11,0.0,4,5,3,1,379,1650,1680,3,1,4,7,4,1,583,0,0,0.0,0
543,120,34.0,4058,0,7,5,22,3,6,6,182.0,3,4,3,3,0,723,767,1,1,3,4,0,0,367,0,0,0.0,0
544,60,58.0,17104,0,7,5,14,3,11,11,0.0,4,4,4,3,100,654,1496,3,1,4,7,0,1,426,0,0,1.0,0
545,50,0.0,13837,0,7,5,32,3,7,7,178.0,4,4,4,1,0,1204,2183,4,1,4,9,0,0,786,0,0,0.0,0
546,50,70.0,8737,0,6,7,97,3,10,5,0.0,3,4,3,1,765,1065,1635,3,1,3,6,0,1,440,0,0,0.0,0
547,85,54.0,7244,0,5,7,50,3,11,11,0.0,3,4,3,3,149,768,768,2,1,3,5,0,0,624,0,0,0.0,0
548,20,49.0,8235,-1,5,7,65,3,6,6,0.0,3,3,3,1,0,825,825,2,1,3,4,0,0,720,0,0,0.0,0
549,60,75.0,9375,0,7,5,17,3,11,11,0.0,4,4,3,1,912,912,2094,4,1,4,8,0,1,615,0,0,0.0,0
550,120,53.0,4043,0,6,6,43,3,9,9,0.0,3,4,3,1,510,1069,1069,2,1,3,4,0,0,440,200,0,0.0,1
551,20,50.0,6000,0,5,6,63,3,10,10,0.0,3,3,3,1,620,928,928,3,1,3,5,0,0,288,0,0,0.0,0
552,20,87.0,11146,0,8,5,14,3,11,11,250.0,4,5,3,3,1709,1709,1717,3,1,4,7,0,1,908,0,0,0.0,0
553,20,67.0,8777,0,4,5,71,3,11,11,0.0,3,0,0,0,0,0,1126,2,1,4,5,0,0,520,0,0,0.0,0
554,60,85.0,10625,0,7,5,17,3,11,11,292.0,4,4,3,1,132,998,2046,3,1,4,8,0,1,871,0,0,0.0,0
555,45,58.0,6380,0,5,6,98,3,6,6,0.0,3,3,2,1,993,993,1048,2,1,3,5,0,1,280,0,0,0.0,0
556,20,69.0,14850,0,5,5,63,3,5,5,0.0,3,3,3,1,197,1092,1092,2,1,3,6,0,1,299,122,0,0.0,0
557,50,60.0,11040,0,4,6,100,3,6,6,0.0,3,3,3,1,0,637,1336,3,1,3,7,0,0,570,0,0,0.0,0
558,60,57.0,21872,0,7,5,24,3,7,7,0.0,3,4,3,4,125,729,1446,3,1,3,6,0,1,406,0,0,0.0,0
559,120,0.0,3196,0,7,5,17,3,11,11,18.0,4,4,3,4,1374,1374,1557,2,1,4,7,0,1,420,0,0,0.0,0
560,20,0.0,11341,0,5,6,63,3,5,5,180.0,3,4,3,1,90,1392,1392,3,1,3,5,3,1,528,95,0,0.0,0
561,20,77.0,10010,0,5,5,46,3,7,7,0.0,3,4,3,3,195,1389,1389,2,1,3,6,0,1,418,0,0,0.0,0
563,50,66.0,21780,0,6,7,102,3,5,5,0.0,3,4,3,2,1163,1163,1674,4,1,3,8,0,1,396,144,0,0.0,0
564,60,0.0,13346,0,7,5,28,3,7,7,0.0,4,4,3,1,367,1095,2295,4,1,4,9,0,1,590,0,0,0.0,0
565,70,66.0,6858,0,6,4,105,3,5,5,0.0,3,4,3,1,806,806,1647,4,1,2,6,0,0,216,0,0,0.0,0
566,60,77.0,11198,0,9,5,15,3,11,11,245.0,4,4,4,1,1122,1122,2504,4,1,5,11,0,1,656,0,0,0.0,0
567,20,70.0,10171,0,7,5,16,3,11,11,168.0,4,4,3,1,1515,1517,1535,3,1,4,7,0,0,532,0,0,0.0,0
568,50,79.0,12327,0,8,8,37,3,5,5,0.0,4,4,3,4,55,1496,2132,1,1,4,5,2,1,612,0,0,0.0,0
569,90,0.0,7032,0,5,5,41,3,6,6,0.0,3,4,3,4,0,943,943,2,1,3,4,0,2,600,0,0,0.0,0
570,90,74.0,13101,0,5,5,55,3,7,7,108.0,3,3,3,1,1497,1728,1728,6,2,3,10,0,0,576,0,0,0.0,0
571,20,60.0,7332,0,6,6,61,3,8,8,207.0,3,3,3,1,450,864,864,2,1,4,4,0,0,288,0,0,0.0,1
572,60,83.0,13159,0,7,5,11,3,11,11,0.0,3,5,3,3,846,846,1692,3,1,4,6,0,0,650,0,0,1.0,0
573,80,76.0,9967,0,7,5,20,3,11,11,0.0,3,4,3,1,384,384,1430,3,1,3,8,0,1,400,0,0,0.0,0
574,80,70.0,10500,0,5,7,49,3,6,2,82.0,3,3,3,3,23,372,1109,3,1,3,5,0,0,288,0,0,0.0,0
575,50,80.0,8480,0,5,5,73,3,6,6,0.0,3,3,3,1,390,832,1216,2,1,3,6,0,0,336,0,0,0.0,1
576,50,52.0,6292,0,7,7,92,3,5,5,0.0,3,3,3,1,861,861,1477,3,1,3,6,0,1,216,0,0,0.0,0
577,80,96.0,11777,0,5,6,54,3,11,11,97.0,3,3,3,3,285,1164,1320,3,1,3,6,0,2,564,0,0,0.0,1
578,160,34.0,3604,0,7,5,13,3,11,11,0.0,4,4,3,1,689,689,1392,2,1,4,5,0,0,540,0,0,0.0,1
579,50,81.0,12150,0,5,5,66,3,6,6,335.0,3,3,3,1,1050,1050,1795,4,1,3,7,0,0,352,0,0,0.0,0
580,20,0.0,14585,0,6,6,60,3,5,5,85.0,3,3,3,1,331,1144,1429,3,1,4,7,0,2,572,0,0,0.0,0
581,20,98.0,12704,0,8,5,12,3,11,11,306.0,5,5,3,1,2042,2042,2042,3,1,5,8,0,1,1390,0,0,1.0,0
583,75,75.0,13500,1,10,9,127,3,5,5,0.0,5,3,3,1,1237,1237,2775,3,1,4,9,0,1,880,0,0,0.0,0
584,50,51.0,6120,0,4,7,85,3,3,3,0.0,3,3,3,1,884,884,1573,3,1,4,6,0,0,240,120,0,0.0,0
585,20,88.0,11443,0,8,5,15,3,11,11,208.0,4,5,3,4,408,1868,2028,2,1,4,7,0,2,880,0,0,1.0,0
586,30,55.0,10267,0,6,7,102,3,4,8,0.0,3,3,4,2,0,816,838,2,1,2,5,0,0,275,0,0,0.0,0
587,85,74.0,8740,0,5,6,38,3,7,7,0.0,3,3,3,3,168,840,860,2,1,3,4,0,0,528,0,0,0.0,0
588,20,65.0,25095,0,5,8,52,1,5,5,0.0,3,3,3,4,113,1437,1473,1,1,5,5,0,2,452,60,0,0.0,0
589,40,50.0,9100,-1,5,6,90,3,11,11,0.0,3,3,3,1,742,742,935,2,1,3,4,0,0,308,0,0,0.0,0
590,60,64.0,8320,0,7,5,16,3,11,11,0.0,4,4,3,1,280,770,1582,3,1,4,6,0,0,520,0,0,0.0,0
591,60,97.0,13478,0,10,5,12,3,12,12,420.0,5,5,3,4,384,1722,2296,3,1,5,10,0,1,842,0,0,0.0,0
592,20,60.0,6600,0,5,8,38,3,7,7,0.0,3,3,4,1,0,816,816,2,1,3,4,0,0,816,0,0,0.0,0
593,120,0.0,4435,0,6,5,17,3,11,11,170.0,4,4,3,3,163,848,848,1,1,4,4,0,0,420,0,0,0.0,0
594,20,88.0,7990,0,5,6,45,3,7,7,0.0,3,4,3,1,924,924,924,3,1,3,5,0,0,280,0,0,0.0,0
595,20,69.0,11302,0,8,5,15,3,11,0,238.0,4,4,3,4,392,1814,1826,3,1,4,7,0,1,758,120,0,1.0,0
596,70,60.0,3600,0,6,7,110,3,11,11,0.0,3,3,3,1,684,684,1368,3,1,3,7,0,0,216,0,0,0.0,0
597,120,53.0,3922,0,7,5,14,3,11,11,72.0,4,5,3,3,1258,1258,1402,2,1,4,7,0,1,648,0,0,1.0,0
598,20,80.0,12984,0,5,6,43,3,9,9,459.0,3,4,3,2,0,1430,1647,3,1,4,7,0,1,621,0,0,0.0,0
599,160,24.0,1950,0,6,6,40,3,6,6,0.0,3,4,3,1,23,716,1556,3,1,3,6,0,1,452,0,0,0.0,0
600,60,74.0,10927,0,8,5,15,3,11,11,280.0,4,4,3,3,512,1058,1904,3,1,5,8,0,1,736,0,0,0.0,0
601,50,50.0,9000,0,6,6,83,3,5,5,0.0,3,3,3,1,780,780,1375,3,1,4,6,0,1,544,126,0,0.0,0
602,60,80.0,10041,0,8,5,28,3,7,7,0.0,4,4,3,2,119,908,1915,3,1,4,8,0,1,506,0,0,0.0,1
603,160,30.0,3182,0,7,5,16,3,6,6,0.0,4,4,3,1,600,600,1200,2,1,4,4,0,0,480,0,0,0.0,0
604,20,88.0,12803,0,7,5,18,3,11,11,99.0,4,4,3,2,572,1494,1494,3,1,4,6,0,1,530,0,0,0.0,0
605,60,85.0,13600,0,7,6,55,3,7,7,176.0,3,3,3,1,314,768,1986,3,1,3,7,0,3,486,189,0,0.0,0
606,20,82.0,12464,0,5,5,24,3,11,11,0.0,3,4,3,1,308,1040,1040,3,1,4,6,0,0,576,0,0,0.0,0
607,20,78.0,7800,0,5,8,72,3,6,6,0.0,3,3,4,1,293,896,2008,3,1,5,8,0,0,230,0,0,0.0,0
608,70,78.0,12168,0,8,6,86,3,10,5,0.0,3,4,3,2,537,965,3194,4,1,3,10,0,2,380,0,0,0.0,0
609,20,61.0,7943,0,4,5,59,3,11,11,192.0,3,3,3,2,126,1029,1029,3,1,3,5,0,0,261,0,0,0.0,0
610,60,0.0,11050,0,9,5,20,3,11,11,204.0,4,5,3,2,536,1440,2153,3,1,5,8,0,2,736,0,0,0.0,0
611,80,0.0,10395,0,6,6,42,3,7,7,233.0,3,4,3,3,427,1032,1032,3,1,3,6,0,1,564,0,0,0.0,0
612,60,0.0,11885,0,8,5,19,3,11,11,108.0,4,4,3,3,309,1299,1872,3,1,5,7,0,1,531,0,0,0.0,0
615,85,80.0,8800,0,6,7,57,3,6,6,156.0,3,3,3,4,173,936,1054,3,1,4,6,0,0,480,0,0,0.0,1
616,60,0.0,7861,0,6,5,18,3,11,11,0.0,4,4,3,1,326,783,1509,3,1,4,7,0,1,393,0,0,0.0,0
617,45,59.0,7227,0,6,6,66,3,6,6,0.0,3,3,3,1,832,832,832,2,1,4,4,0,0,528,0,0,0.0,0
618,20,90.0,11694,0,9,5,13,3,12,12,452.0,5,5,3,3,1774,1822,1828,3,1,4,9,0,1,774,260,0,1.0,0
619,60,85.0,12244,0,8,5,17,3,11,11,226.0,4,4,3,4,611,1482,2262,4,1,4,10,0,2,749,0,0,0.0,0
621,60,90.0,10800,0,6,7,46,3,7,7,0.0,3,3,3,1,384,1522,2614,4,1,3,9,0,1,624,0,0,0.0,0
622,20,71.0,7064,0,5,6,43,3,9,9,153.0,3,3,3,1,420,980,980,3,1,3,6,0,0,484,0,0,0.0,0
623,160,0.0,2117,0,6,5,20,3,6,6,513.0,4,4,3,1,336,756,1512,2,1,4,4,0,1,440,0,0,0.0,0
624,60,80.0,10400,0,6,5,48,3,11,11,288.0,3,3,3,1,485,732,1790,4,1,3,8,2,1,484,147,0,0.0,0
625,20,87.0,10000,0,6,6,58,3,5,5,261.0,3,3,3,1,1116,1116,1116,3,1,3,5,0,0,440,385,0,0.0,0
626,20,0.0,12342,0,5,5,60,3,5,5,0.0,3,3,3,1,978,978,1422,3,1,3,6,1,1,286,0,0,0.0,0
627,80,80.0,9600,0,6,6,65,3,3,3,164.0,3,3,3,3,350,1156,1520,3,1,3,7,0,2,364,0,0,0.0,0
628,60,70.0,11606,0,5,5,51,3,9,9,192.0,3,4,3,3,390,1040,2080,5,1,2,9,0,2,504,0,0,0.0,0
629,80,82.0,9020,0,6,5,56,6,9,5,259.0,3,3,3,4,288,1248,1350,3,1,3,6,0,0,520,0,0,0.0,0
630,70,50.0,9000,0,5,6,140,3,11,11,0.0,3,2,2,1,636,636,1750,3,1,5,8,0,0,240,0,0,0.0,1
631,120,34.0,4590,0,8,5,14,3,11,11,108.0,4,4,4,2,1530,1554,1554,2,1,4,6,0,1,627,0,0,0.0,0
632,20,85.0,11900,0,7,5,43,3,9,9,209.0,3,3,3,1,564,1386,1411,3,1,3,6,0,1,544,0,0,0.0,0
633,20,80.0,9250,0,5,7,66,3,5,5,0.0,3,3,3,1,108,1056,1056,3,1,3,6,0,0,260,0,0,0.0,0
634,90,64.0,6979,0,6,5,40,3,9,9,0.0,3,3,3,1,0,1056,1056,0,2,3,4,0,0,576,0,0,0.0,0
637,190,50.0,6000,0,5,4,66,3,5,5,0.0,3,3,3,1,811,811,1387,3,2,4,7,0,0,256,0,0,0.0,0
639,120,53.0,3982,0,8,5,14,3,11,11,0.0,4,4,4,3,366,1520,1567,1,1,5,7,0,1,648,0,0,1.0,0
640,120,62.0,12677,0,8,5,17,3,6,6,472.0,5,5,3,4,300,1518,1518,1,1,5,6,0,1,588,0,0,0.0,0
641,60,0.0,7050,0,7,5,19,3,11,11,0.0,4,4,3,1,319,1057,1929,3,1,4,7,0,1,650,0,0,0.0,0
642,80,75.0,13860,0,8,7,48,3,9,5,0.0,4,4,3,4,542,1952,2704,4,1,5,9,0,3,538,0,0,0.0,0
643,60,80.0,10793,0,5,5,51,3,8,7,263.0,3,3,3,1,0,780,1620,4,1,3,7,1,0,462,0,0,0.0,0
644,20,85.0,9187,0,9,5,11,3,12,12,162.0,5,5,3,2,645,1766,1766,2,1,5,7,0,1,478,0,0,1.0,0
645,20,0.0,10530,0,6,5,49,3,9,9,0.0,3,3,3,1,664,981,981,3,1,3,5,0,0,576,0,0,0.0,0
646,20,60.0,7200,0,5,5,70,3,6,6,0.0,3,0,0,0,0,0,1048,3,1,3,7,1,0,420,0,0,0.0,0
647,20,85.0,10452,0,6,5,67,3,5,5,216.0,3,3,3,2,594,1094,1094,3,1,3,5,0,2,495,287,0,0.0,0
648,60,70.0,7700,0,6,5,54,3,6,6,351.0,3,3,3,1,756,756,1839,4,1,3,7,0,1,442,0,0,0.0,0
651,70,60.0,9084,0,4,5,80,3,6,6,0.0,3,3,3,2,755,755,1510,4,1,3,7,0,1,296,0,0,0.0,0
652,60,70.0,8750,0,7,5,24,3,11,11,0.0,4,4,3,1,880,880,1716,2,1,4,7,0,1,512,0,0,0.0,0
653,50,60.0,10320,0,6,7,114,3,6,6,0.0,3,3,3,1,756,756,1469,3,1,3,7,0,0,216,0,0,0.0,0
654,20,91.0,10437,0,8,6,25,3,6,6,660.0,4,4,3,4,413,2109,2113,2,1,4,7,0,1,839,0,0,0.0,0
655,160,21.0,1680,0,6,5,49,3,7,4,381.0,3,3,3,1,525,525,1092,3,1,3,6,0,0,264,0,0,0.0,0
656,20,72.0,10007,0,5,7,61,3,7,7,54.0,4,3,3,1,247,1053,1053,3,1,4,5,0,0,312,0,0,0.0,0
657,70,60.0,7200,0,7,6,89,3,4,8,0.0,3,4,3,1,776,776,1502,3,1,3,6,0,1,270,0,0,0.0,0
658,50,78.0,17503,0,6,5,72,3,11,11,0.0,3,3,3,1,912,912,1458,3,1,3,6,0,1,330,0,0,0.0,1
659,20,75.0,9937,0,5,7,56,3,6,6,0.0,3,3,3,1,849,1486,1486,3,1,3,7,0,0,480,0,0,0.0,0
660,60,0.0,12384,0,7,7,44,3,9,9,233.0,3,4,3,1,793,793,1935,3,1,3,7,0,1,550,0,0,0.0,0
661,60,52.0,46589,0,8,7,26,3,11,11,528.0,4,4,4,1,88,1629,2448,4,1,4,8,0,1,711,0,0,0.0,0
662,20,120.0,13560,0,6,3,52,3,5,5,216.0,3,2,2,1,1392,1392,1392,2,1,3,5,5,2,576,0,0,0.0,0
663,85,90.0,10012,0,4,5,48,3,9,9,0.0,3,4,3,3,38,1138,1181,3,1,3,6,0,0,588,0,0,0.0,0
664,20,49.0,20896,0,8,5,15,3,11,11,0.0,4,5,3,2,356,2077,2097,1,1,5,8,0,1,1134,0,0,1.0,0
665,60,106.0,11194,0,8,5,20,3,11,11,40.0,4,4,3,1,1406,1406,1936,3,1,4,7,0,1,504,0,0,0.0,0
666,60,0.0,18450,0,6,5,55,1,9,9,113.0,3,4,3,1,111,1021,2380,3,1,3,7,6,1,596,0,0,0.0,1
667,20,65.0,8125,0,6,5,26,3,7,7,258.0,3,4,3,1,270,1408,1679,3,1,4,7,0,1,575,0,0,0.0,0
668,20,0.0,14175,0,5,6,64,3,12,5,0.0,3,3,3,1,200,1188,1437,3,1,3,6,2,1,576,0,0,0.0,0
669,30,80.0,11600,0,4,5,98,3,6,6,0.0,3,2,3,1,700,700,1180,2,1,2,5,0,1,252,0,0,0.0,0
670,60,64.0,8633,0,6,5,15,3,11,11,0.0,4,4,3,1,545,738,1476,3,1,4,7,0,0,540,0,0,0.0,0
671,70,54.0,6629,0,6,6,95,3,5,5,0.0,3,3,3,1,121,672,1369,3,1,3,6,0,0,300,0,0,0.0,0
672,20,0.0,11250,0,6,6,43,3,9,9,0.0,4,4,3,1,441,1208,1208,3,1,3,6,0,1,546,0,0,0.0,0
673,20,110.0,14442,0,6,7,63,3,12,12,106.0,3,3,3,1,291,1477,1839,3,1,4,7,0,2,416,200,0,0.0,0
674,20,80.0,9200,0,6,6,55,3,7,7,0.0,3,3,3,1,244,1136,1136,3,1,3,5,0,1,384,0,0,0.0,0
675,160,24.0,2289,0,6,6,42,3,9,1,0.0,3,3,3,1,544,855,1441,3,1,3,7,0,1,440,0,0,0.0,0
676,70,60.0,9600,0,4,2,120,3,3,4,0.0,3,3,2,1,1095,1095,1774,4,2,3,8,2,0,779,0,0,0.0,0
677,30,52.0,9022,0,5,8,96,3,11,11,0.0,4,3,3,1,768,768,792,2,1,4,5,0,0,240,0,0,0.0,0
678,20,80.0,11844,0,8,5,12,3,11,11,464.0,4,5,3,2,2046,2046,2046,3,1,4,7,0,1,834,0,0,1.0,0
679,20,0.0,9945,0,5,5,59,3,5,5,57.0,3,3,3,1,161,988,988,3,1,3,5,0,0,572,0,0,0.0,0
680,120,50.0,8012,0,6,5,40,3,9,9,0.0,3,4,3,1,261,923,923,2,1,3,5,0,1,264,0,0,0.0,0
681,50,55.0,4500,0,5,5,88,3,11,4,0.0,3,3,3,1,611,793,1520,3,1,3,6,0,0,281,0,0,0.0,1
682,120,0.0,2887,0,6,5,24,3,5,5,0.0,3,4,3,2,288,1291,1291,2,1,4,6,0,1,431,0,0,0.0,0
683,20,90.0,11248,0,9,5,18,3,11,11,215.0,4,4,3,3,567,1626,1668,3,1,4,7,0,1,702,0,0,0.0,0
684,60,58.0,16770,0,7,5,22,3,11,11,30.0,4,4,3,1,1195,1195,1839,4,1,3,7,0,0,486,0,0,0.0,0
685,160,0.0,5062,0,7,5,36,3,7,7,0.0,4,4,3,2,180,1190,2090,3,1,4,6,1,1,577,0,0,0.0,0
686,60,84.0,10207,0,7,6,13,3,11,11,0.0,4,4,3,1,874,874,1761,3,1,4,7,0,0,578,0,0,1.0,0
687,160,0.0,5105,0,7,5,16,3,6,6,0.0,4,4,3,1,312,551,1102,2,1,4,4,0,0,480,0,0,0.0,0
688,20,60.0,8089,0,8,6,13,3,6,6,0.0,4,4,3,3,474,1419,1419,2,1,4,7,0,1,567,0,0,1.0,0
689,120,61.0,7577,0,6,5,15,3,11,11,256.0,4,4,3,3,1342,1362,1362,2,1,4,6,0,1,460,0,0,0.0,0
690,120,0.0,4426,0,6,5,16,3,11,11,147.0,4,4,3,4,151,848,848,1,1,4,3,0,1,420,0,0,0.0,0
691,60,104.0,21535,0,10,6,26,6,7,7,1170.0,5,5,3,4,989,2444,4316,4,1,5,10,0,2,832,0,0,0.0,0
692,60,42.0,26178,0,7,5,31,3,6,6,293.0,4,4,3,4,245,1210,2519,4,1,4,9,0,2,628,0,0,0.0,0
693,30,60.0,5400,0,5,6,99,3,6,6,0.0,3,3,3,1,1073,1073,1073,2,1,3,4,0,0,326,0,0,0.0,1
694,50,51.0,6120,0,5,6,84,3,5,5,0.0,3,3,3,1,927,927,1539,3,1,3,5,0,0,576,0,0,0.0,0
695,20,54.0,13811,0,6,6,33,3,7,7,72.0,3,4,4,1,92,1112,1137,2,1,4,5,0,1,551,0,0,0.0,0
696,30,50.0,6000,0,5,7,99,3,5,8,0.0,3,3,3,1,0,616,616,2,1,3,4,0,0,205,0,0,0.0,0
697,20,57.0,6420,0,5,7,68,3,5,5,0.0,3,5,4,2,219,980,1148,2,1,3,6,0,0,308,0,0,0.0,0
698,20,65.0,8450,0,5,8,55,3,6,6,0.0,3,3,3,1,224,894,894,3,1,3,5,0,1,336,0,0,0.0,0
699,120,59.0,4282,0,7,5,16,3,6,6,0.0,4,4,3,2,1375,1391,1391,2,1,4,5,0,0,530,0,0,0.0,0
700,20,85.0,14331,0,8,5,18,3,11,11,630.0,4,5,3,4,526,1800,1800,3,1,4,7,0,1,765,0,0,0.0,0
701,20,80.0,9600,0,7,5,51,3,7,7,168.0,3,3,3,1,1164,1164,1164,3,1,3,6,0,0,528,0,0,0.0,0
702,60,82.0,12438,0,8,5,14,3,11,11,466.0,5,5,4,1,1234,1234,2576,4,1,5,10,0,1,666,0,0,1.0,0
703,190,76.0,7630,0,5,9,120,3,5,5,0.0,3,4,3,1,360,360,1812,4,2,4,8,0,1,672,0,0,0.0,0
704,20,70.0,8400,0,7,5,16,3,11,11,109.0,4,4,3,3,761,1473,1484,3,1,4,7,0,0,606,0,0,0.0,0
706,20,0.0,115149,0,7,5,49,3,9,9,351.0,3,4,3,4,424,1643,1824,2,1,4,5,0,2,739,0,0,0.0,0
707,120,48.0,6240,0,8,5,14,3,6,6,176.0,4,4,3,1,461,1324,1324,2,1,4,6,0,1,550,0,0,0.0,0
708,60,65.0,9018,0,7,5,13,3,11,11,0.0,4,4,3,3,728,728,1456,3,1,4,8,0,1,400,0,0,1.0,0
709,20,0.0,7162,0,5,7,54,3,7,7,41.0,3,3,3,1,876,876,904,3,1,3,6,0,0,408,0,0,0.0,1
711,50,66.0,8712,0,4,7,120,3,6,6,0.0,3,3,3,2,859,859,1178,2,1,3,7,0,0,384,0,0,0.0,1
712,120,40.0,4671,0,8,5,32,3,7,7,0.0,4,4,3,2,461,1228,1228,2,1,4,5,0,1,472,0,0,0.0,0
713,190,60.0,9873,0,4,5,50,3,7,7,160.0,3,3,3,3,171,960,960,3,1,3,6,0,0,576,0,0,0.0,0
714,60,0.0,13517,0,6,8,44,3,7,9,289.0,4,3,3,1,192,725,1479,3,1,4,6,0,0,475,0,0,0.0,0
715,20,78.0,10140,0,6,5,46,3,7,7,174.0,3,4,3,1,1064,1064,1350,3,1,3,7,0,1,478,0,0,0.0,0
716,70,60.0,10800,0,7,8,130,3,5,11,0.0,3,3,3,1,718,718,2554,3,1,3,8,0,0,704,0,0,0.0,0
717,20,80.0,10000,0,5,6,47,3,7,7,0.0,3,4,3,1,92,1176,1178,3,1,4,5,0,1,439,0,0,0.0,0
718,60,96.0,10542,0,7,5,27,3,5,4,651.0,4,4,3,4,138,1311,2418,3,1,4,9,0,1,983,0,0,0.0,0
719,20,69.0,9920,0,5,6,51,3,7,9,0.0,3,4,3,4,448,971,971,3,1,3,5,0,1,300,0,0,0.0,0
720,120,0.0,6563,0,8,5,35,3,7,7,0.0,4,4,3,4,594,1742,1742,2,1,4,5,0,1,564,0,0,0.0,0
721,120,0.0,4426,0,6,5,16,3,11,11,169.0,4,4,3,3,186,848,848,1,1,4,3,0,0,420,0,0,0.0,0
722,20,70.0,8120,0,4,7,50,3,6,6,0.0,3,3,3,1,673,864,864,3,1,3,5,0,0,463,0,0,0.0,0
723,50,60.0,8172,0,4,6,66,3,6,6,0.0,3,3,3,1,941,941,1470,4,1,3,7,0,0,548,156,0,0.0,0
724,20,86.0,13286,0,9,5,13,3,12,12,340.0,5,5,3,1,464,1698,1698,3,1,5,8,0,1,768,0,0,0.0,0
725,20,60.0,6960,0,4,6,50,3,7,9,0.0,3,3,3,1,250,864,864,3,1,4,5,0,0,660,0,0,0.0,0
726,20,0.0,21695,0,6,9,32,3,5,9,260.0,4,4,3,1,72,880,1680,3,1,4,5,0,1,540,0,0,0.0,0
727,20,64.0,7314,0,7,5,13,3,11,11,82.0,4,4,3,3,508,1232,1232,2,1,4,6,0,0,632,0,0,0.0,0
728,90,85.0,11475,0,5,5,62,3,11,11,95.0,3,3,3,1,1584,1584,1776,4,2,3,9,0,0,888,0,0,0.0,1
729,30,52.0,6240,0,4,5,95,3,6,6,0.0,3,3,3,1,628,780,1208,2,1,3,5,0,0,539,0,0,0.0,0
730,120,39.0,5389,0,8,5,25,3,12,12,0.0,4,4,3,1,415,1595,1616,2,1,4,5,0,1,608,0,0,0.0,0
731,80,73.0,9590,0,7,5,17,3,11,11,442.0,4,5,3,3,82,868,1146,3,1,4,6,0,1,438,0,0,0.0,0
732,60,75.0,11404,0,7,5,22,3,11,11,202.0,4,4,3,3,901,1153,2031,3,1,4,8,0,1,541,0,0,0.0,0
733,20,80.0,10000,0,5,6,59,3,7,7,0.0,3,3,3,1,270,864,1144,3,1,3,6,0,1,264,0,0,0.0,0
734,20,0.0,8978,0,5,5,52,3,9,9,0.0,3,3,3,1,948,948,948,3,1,3,6,0,0,300,0,0,0.0,0
735,75,60.0,10800,0,7,7,106,3,5,5,0.0,3,4,3,2,490,880,1768,2,1,3,6,0,2,320,0,0,0.0,0
736,90,60.0,8544,0,3,4,70,3,4,0,0.0,3,0,0,0,0,0,1040,2,2,3,6,0,0,400,0,0,0.0,0
737,60,72.0,10463,0,8,5,15,3,11,11,0.0,4,4,3,1,893,893,1801,3,1,4,8,0,1,800,0,0,0.0,0
739,60,65.0,9313,0,7,5,16,3,11,11,0.0,4,4,3,1,864,864,1728,3,1,4,7,0,0,572,0,0,0.0,0
740,70,60.0,9600,0,5,7,110,3,5,8,0.0,3,2,2,1,264,264,1432,2,1,3,7,0,0,360,0,0,0.0,1
741,20,65.0,6768,0,6,8,59,3,7,7,0.0,3,3,3,2,80,912,912,3,1,4,5,0,0,288,0,0,0.0,0
742,20,65.0,8450,0,7,5,20,3,11,11,108.0,3,4,3,1,1349,1349,1349,3,1,3,6,0,0,539,0,0,0.0,0
743,80,70.0,12886,0,5,6,57,3,7,7,0.0,3,4,3,3,76,520,1464,3,1,3,6,2,1,480,100,0,0.0,0
744,120,41.0,5395,0,8,5,27,3,7,7,0.0,4,4,3,1,604,1337,1337,2,1,4,5,0,1,462,0,0,0.0,0
745,60,0.0,8963,0,8,9,44,3,11,11,289.0,5,3,4,1,487,1142,2715,4,1,4,11,0,2,831,0,0,0.0,0
746,60,0.0,8795,0,7,5,20,3,11,11,0.0,4,4,3,1,652,952,2256,4,1,4,8,0,1,554,0,0,0.0,0
747,70,65.0,11700,0,7,7,140,3,4,4,0.0,4,3,2,1,1240,1240,2640,4,1,4,8,0,1,864,0,0,0.0,0
748,20,59.0,10593,0,7,5,24,3,11,11,338.0,4,4,3,1,801,1720,1720,3,1,4,7,0,1,527,0,0,0.0,0
749,50,50.0,8405,0,4,3,75,3,8,8,0.0,3,0,0,0,0,0,1529,4,1,3,9,3,0,240,0,0,0.0,0
751,60,0.0,7750,0,7,5,17,3,11,11,0.0,4,4,3,1,660,660,1320,3,1,4,6,0,0,400,0,0,0.0,0
752,20,79.0,9236,0,6,5,23,3,11,11,0.0,3,4,3,4,279,1479,1494,3,1,4,6,0,0,576,0,0,0.0,0
753,60,80.0,10240,0,8,5,15,3,11,11,178.0,4,4,3,2,1030,1030,2098,3,1,5,8,0,1,878,0,0,0.0,0
754,20,61.0,7930,0,6,8,51,3,9,9,0.0,3,3,3,1,115,1026,1026,3,1,4,5,0,0,440,0,0,0.0,0
755,160,34.0,3230,0,6,5,21,3,6,6,894.0,3,4,3,1,348,729,1471,3,1,3,6,0,0,440,0,0,0.0,0
756,60,68.0,10769,0,8,5,13,3,11,11,0.0,4,4,3,3,846,866,1768,3,1,4,7,0,0,578,0,0,0.0,0
757,60,0.0,11616,0,6,5,42,3,7,7,328.0,3,3,3,2,234,672,1386,3,1,3,6,0,1,440,0,0,0.0,1
758,160,24.0,2280,0,7,5,21,3,6,6,360.0,3,4,3,1,195,744,1501,3,1,3,6,0,0,440,0,0,0.0,0
759,60,65.0,12257,0,8,5,25,3,11,11,513.0,4,4,3,3,1198,1318,2531,4,1,4,9,0,1,752,0,0,0.0,0
760,20,70.0,9100,0,6,6,61,3,5,5,0.0,3,3,3,1,252,864,864,2,1,3,5,0,0,300,0,0,0.0,0
761,30,60.0,6911,0,5,5,96,3,5,5,0.0,3,3,3,2,740,1145,1301,2,1,2,5,1,0,440,0,0,0.0,0
762,60,72.0,8640,0,7,5,11,3,11,11,0.0,3,4,3,2,732,756,1547,3,1,4,7,0,0,614,0,0,0.0,0
763,60,82.0,9430,0,8,5,21,3,11,11,673.0,4,4,3,2,89,1252,2365,3,1,4,8,0,1,856,180,0,0.0,0
764,120,30.0,9549,0,8,5,25,3,10,10,0.0,4,4,4,3,0,1494,1494,2,1,5,6,0,1,481,216,0,0.0,0
765,20,75.0,14587,0,9,5,12,3,11,11,284.0,4,4,3,1,1498,1498,1506,2,1,5,6,0,1,592,0,0,1.0,0
766,60,80.0,10421,0,7,5,32,3,7,7,42.0,3,4,3,1,586,980,1714,3,1,3,7,0,1,496,0,0,0.0,0
767,50,75.0,12508,0,6,7,80,3,11,11,0.0,3,4,3,2,323,983,1750,4,1,3,7,3,0,423,0,0,0.0,0
768,20,70.0,9100,0,7,5,16,3,11,11,0.0,4,4,3,1,1836,1860,1836,3,1,4,8,0,1,484,0,0,0.0,0
769,60,47.0,53504,0,8,5,17,3,12,8,603.0,5,4,3,4,234,1650,3279,4,1,5,12,3,1,841,210,0,0.0,0
770,85,0.0,7252,0,5,5,38,3,5,5,0.0,3,4,3,3,173,858,858,2,1,3,5,0,0,576,0,0,0.0,0
771,20,67.0,8877,0,4,5,69,3,5,5,0.0,3,2,2,1,0,836,1220,2,1,3,6,0,0,396,0,0,0.0,0
772,80,94.0,7819,0,6,5,44,3,9,9,0.0,3,3,3,3,480,1029,1117,3,1,3,6,0,1,672,0,0,0.0,1
773,20,70.0,10150,0,5,5,62,3,5,5,1.0,3,3,3,1,456,912,912,2,1,3,5,0,0,275,0,0,0.0,0
774,20,110.0,14226,0,8,5,14,3,11,11,375.0,4,4,3,3,1935,1935,1973,3,1,4,9,0,1,895,0,0,1.0,0
775,120,32.0,4500,0,6,5,22,3,11,11,320.0,3,5,3,1,338,1204,1204,2,1,3,5,0,0,412,0,0,0.0,0
776,20,86.0,11210,0,7,5,15,3,11,11,240.0,4,4,3,3,1594,1614,1614,3,1,4,7,0,0,865,0,0,1.0,0
777,20,100.0,13350,0,5,5,46,3,7,9,0.0,3,3,3,1,102,864,894,3,1,3,5,0,1,440,0,0,0.0,0
778,90,60.0,8400,0,5,5,43,3,9,9,320.0,3,0,0,0,0,0,2020,4,2,3,10,0,2,630,0,0,0.0,0
779,90,78.0,10530,0,6,5,43,3,9,4,90.0,3,4,3,4,0,975,1004,2,1,3,4,0,0,504,0,0,0.0,0
780,20,63.0,7875,0,7,5,25,3,7,7,38.0,3,4,4,1,1237,1237,1253,3,1,3,6,0,1,402,0,0,0.0,0
781,60,65.0,7153,0,6,5,28,3,11,11,0.0,4,4,3,1,374,761,1603,3,1,4,7,0,0,484,0,0,0.0,0
782,20,67.0,16285,0,7,5,19,3,11,11,0.0,4,4,3,1,1413,1413,1430,3,1,4,6,0,0,605,0,0,0.0,0
783,85,0.0,9101,0,5,6,42,3,9,9,104.0,3,4,3,3,0,1097,1110,1,1,4,4,0,1,602,0,0,0.0,0
785,20,0.0,9790,0,6,5,53,3,10,5,0.0,3,3,3,1,491,1372,1342,3,1,3,7,0,1,457,197,0,0.0,0
786,50,60.0,10800,0,5,6,105,3,6,6,0.0,3,2,3,1,0,686,1652,4,1,3,7,0,0,416,0,0,0.0,0
787,60,76.0,10142,0,7,5,16,3,11,11,0.0,4,4,3,1,300,956,2084,4,1,4,8,0,0,618,0,0,0.0,0
788,20,50.0,6000,0,4,7,66,3,6,6,0.0,3,3,3,1,901,901,901,2,1,3,4,0,0,281,0,0,0.0,0
789,60,0.0,12205,0,6,8,54,3,7,7,157.0,3,3,2,4,264,832,2087,5,1,4,9,0,0,444,0,0,0.0,0
790,120,43.0,3182,0,7,5,15,3,11,11,11.0,4,4,3,1,1129,1145,1145,2,1,4,5,0,1,397,0,0,0.0,0
791,80,0.0,11333,0,6,5,44,3,7,7,0.0,3,4,3,3,490,1029,1062,3,1,3,5,0,2,539,0,0,0.0,0
792,60,92.0,9920,0,7,5,24,3,6,6,0.0,4,4,3,3,255,1117,2013,3,1,3,8,0,1,455,0,0,0.0,0
793,20,76.0,9158,0,8,5,13,3,12,12,140.0,4,4,3,3,1496,1496,1496,3,1,4,7,0,0,474,0,0,1.0,0
794,60,0.0,10832,0,7,5,26,3,6,6,0.0,4,4,3,1,712,712,1895,3,1,4,7,0,1,409,0,0,0.0,0
795,60,70.0,8400,0,6,6,40,3,7,7,130.0,3,4,3,1,650,650,1564,3,1,3,7,0,1,476,204,0,0.0,0
796,20,71.0,8197,0,6,5,43,3,9,9,148.0,3,3,3,1,660,660,1285,3,1,3,7,0,1,528,0,0,0.0,0
797,20,57.0,7677,0,5,5,67,3,11,11,0.0,3,3,3,1,203,773,773,2,1,3,4,0,0,240,0,0,0.0,1
798,60,104.0,13518,0,9,5,12,3,11,11,860.0,5,5,3,1,1926,1926,3140,4,1,5,11,0,2,820,0,0,1.0,0
799,50,60.0,7200,0,5,7,83,3,5,5,252.0,3,4,3,1,162,731,1768,3,1,4,7,0,2,240,0,0,0.0,0
800,60,79.0,12798,0,6,5,23,3,11,11,0.0,3,4,3,4,154,616,1688,4,1,4,8,0,0,603,0,0,0.0,0
801,30,40.0,4800,0,4,7,104,3,6,6,0.0,3,3,3,1,999,1196,1196,2,1,3,5,0,0,440,0,0,0.0,0
802,60,63.0,8199,0,7,5,15,3,8,8,0.0,4,4,3,3,80,728,1456,3,1,4,7,0,1,410,0,0,0.0,0
803,60,107.0,13891,0,9,5,12,3,11,11,424.0,5,5,3,4,1734,1734,2822,4,1,5,12,0,1,1020,192,0,1.0,0
804,20,75.0,9000,0,5,5,66,3,5,5,0.0,3,3,3,1,124,936,1128,2,1,3,5,1,0,286,0,0,0.0,0
805,20,91.0,12274,0,7,5,12,3,11,11,256.0,4,4,3,1,1417,1417,1428,3,1,5,6,0,0,554,0,0,1.0,0
806,80,75.0,9750,0,5,5,53,3,11,11,0.0,3,3,3,3,100,980,980,3,1,3,6,0,0,384,0,0,0.0,0
807,70,144.0,21384,0,5,6,97,3,5,5,0.0,3,3,3,4,15,1324,1576,3,1,4,6,0,1,528,0,0,0.0,0
808,80,85.0,13400,0,5,5,54,3,11,11,1047.0,3,3,3,3,380,1024,1086,3,1,3,6,0,1,484,0,0,0.0,0
809,75,90.0,8100,0,5,5,122,3,3,3,0.0,3,3,3,1,849,849,2138,2,3,3,11,0,0,360,0,0,0.0,0
810,20,78.0,10140,0,6,6,46,3,7,7,99.0,3,3,3,1,0,1040,1309,3,1,4,5,0,1,484,0,1,0.0,0
811,120,0.0,4438,0,6,5,16,3,11,11,169.0,4,4,3,4,186,848,848,1,1,4,4,0,1,420,0,0,0.0,0
812,20,66.0,8712,0,5,5,68,3,5,5,0.0,2,3,3,3,540,540,1044,2,1,2,4,0,0,504,0,0,0.0,0
813,20,75.0,9750,0,6,6,62,3,6,6,243.0,3,3,3,1,834,1442,1442,4,1,3,7,0,0,301,0,0,0.0,0
814,50,45.0,8248,0,5,7,102,3,4,4,0.0,3,3,3,1,686,686,1250,3,1,2,7,0,0,280,0,0,0.0,0
815,20,48.0,12137,0,7,5,22,3,11,11,442.0,3,4,3,1,1649,1649,1661,3,1,4,6,0,0,598,0,0,0.0,0
816,20,0.0,11425,0,5,6,66,3,10,10,0.0,3,3,3,1,522,1008,1008,2,1,3,4,0,1,275,0,0,0.0,0
817,20,0.0,13265,0,8,5,18,3,12,12,148.0,4,4,3,1,350,1568,1689,3,1,4,7,0,2,857,0,0,0.0,0
818,80,80.0,8816,0,6,7,49,3,7,7,80.0,3,3,3,3,506,1010,1052,3,1,3,6,0,0,440,0,0,0.0,0
819,120,44.0,6371,0,7,5,11,3,11,11,128.0,4,4,3,2,625,1358,1358,2,1,4,6,0,1,484,0,0,1.0,0
820,60,72.0,7226,0,7,5,17,3,11,11,0.0,4,4,3,1,798,798,1640,3,1,4,6,0,0,595,0,0,0.0,0
821,20,60.0,6000,0,4,4,67,3,6,6,0.0,2,2,3,1,936,936,936,2,1,3,4,2,0,576,0,0,0.0,0
822,60,0.0,12394,0,7,5,17,3,11,11,0.0,4,4,3,4,847,847,1733,3,1,4,7,0,1,433,0,0,0.0,0
823,50,60.0,9900,0,6,7,80,3,11,11,0.0,3,3,3,1,778,778,1489,3,1,3,7,0,1,240,0,0,0.0,0
824,20,81.0,11216,0,8,5,14,3,11,11,0.0,4,4,4,1,1489,1489,1489,3,1,4,7,0,1,776,0,0,1.0,0
825,20,114.0,14803,1,10,5,13,3,12,12,816.0,5,5,3,3,442,2078,2084,2,1,5,7,0,1,1220,0,0,1.0,0
827,20,65.0,8529,0,7,5,19,3,11,11,0.0,4,4,3,1,1434,1454,1434,3,1,4,6,0,1,527,0,0,0.0,0
828,60,0.0,28698,0,5,5,53,1,9,9,0.0,3,3,4,4,0,1013,2126,3,1,3,7,2,0,538,225,0,0.0,1
829,160,24.0,2544,0,7,5,15,3,6,6,0.0,4,4,3,1,600,600,1223,2,1,4,4,0,0,480,0,0,0.0,0
830,20,80.0,11900,0,6,5,63,3,7,7,387.0,3,3,3,1,352,1392,1392,3,1,3,6,0,2,458,192,0,0.0,0
831,160,30.0,3180,0,7,5,15,3,6,6,0.0,3,4,3,1,600,600,1200,2,1,4,4,0,0,480,0,0,0.0,0
832,60,44.0,9548,0,7,6,17,3,11,11,223.0,4,4,3,1,458,941,1829,3,1,4,7,0,1,613,0,0,0.0,0
833,20,100.0,10004,0,6,6,56,3,7,9,180.0,3,3,3,1,975,1516,1516,3,1,3,6,0,0,472,152,0,0.0,0
834,20,75.0,7875,0,5,6,59,3,11,11,136.0,3,3,3,1,572,1144,1144,3,1,3,6,0,0,456,0,0,0.0,0
835,20,60.0,9600,0,4,7,70,3,11,7,0.0,3,4,3,1,625,1067,1067,2,1,4,4,2,0,436,0,0,0.0,0
836,30,90.0,8100,0,5,6,72,3,11,11,0.0,3,3,3,1,1221,1559,1559,2,1,3,5,2,0,812,0,0,0.0,0
837,160,21.0,1680,0,6,5,47,3,7,7,158.0,3,3,3,1,153,483,987,2,1,3,5,0,0,264,0,0,0.0,0
838,20,75.0,9525,0,5,6,25,3,11,11,0.0,3,4,3,1,1099,1099,1099,3,1,4,6,0,0,352,0,0,0.0,0
839,50,70.0,11767,0,5,6,74,3,6,6,0.0,3,3,3,1,416,768,1200,3,1,3,6,0,0,240,0,0,0.0,0
840,70,0.0,12155,0,6,8,95,3,5,5,0.0,3,3,3,1,516,672,1482,4,1,2,7,0,0,400,0,0,0.0,0
841,70,60.0,10440,0,5,8,116,3,6,6,0.0,3,3,3,1,650,650,1539,3,1,4,8,0,1,686,0,0,0.0,0
842,80,82.0,9020,0,6,7,54,3,7,7,183.0,3,3,3,4,276,1127,1165,3,1,3,6,0,0,490,0,0,0.0,0
844,50,100.0,12665,0,5,8,105,3,5,5,0.0,3,3,3,2,876,876,1416,4,1,3,7,0,1,720,0,0,0.0,0
845,85,0.0,16647,0,5,5,45,3,7,7,0.0,3,4,3,4,0,1390,1701,3,1,3,6,2,2,611,0,0,0.0,0
846,60,75.0,9317,0,7,5,27,3,7,7,137.0,4,4,3,1,227,740,1775,3,1,4,7,0,1,425,0,0,0.0,0
847,20,36.0,15523,0,5,6,48,3,7,9,0.0,3,3,3,3,404,864,864,3,1,3,5,0,1,338,0,0,0.0,0
848,50,75.0,45600,0,6,8,112,3,5,5,0.0,3,3,3,1,907,907,2358,5,1,3,10,0,1,360,175,0,0.0,0
849,80,80.0,9600,0,6,7,44,3,9,9,360.0,4,3,3,1,528,528,1855,3,1,3,7,0,1,512,0,0,0.0,0
850,120,36.0,4435,0,6,5,17,3,11,11,170.0,4,4,3,3,189,848,848,1,1,4,3,0,0,420,0,0,0.0,0
851,120,0.0,3196,0,8,5,17,3,11,11,40.0,4,4,3,4,1273,1273,1456,2,1,4,7,0,1,400,0,0,0.0,0
852,75,53.0,7128,0,7,5,79,3,6,6,0.0,3,3,3,1,554,918,1646,4,1,3,7,0,2,240,126,0,0.0,0
853,80,0.0,12095,0,6,6,56,3,6,7,115.0,3,3,3,4,563,1127,1445,3,1,3,7,0,1,645,0,0,0.0,0
854,20,102.0,17920,0,5,4,65,3,5,9,0.0,3,3,3,2,372,1763,1779,3,1,3,6,0,1,454,312,0,0.0,1
855,20,0.0,6897,0,5,8,58,3,7,7,0.0,3,3,3,1,381,1040,1040,3,1,3,6,0,0,260,0,0,0.0,0
856,80,0.0,10970,0,6,6,42,3,9,7,0.0,3,4,4,4,0,940,1026,3,1,3,5,0,0,576,0,0,0.0,0
857,60,65.0,8125,0,6,5,26,3,7,7,0.0,3,4,3,1,702,702,1481,3,1,3,6,0,1,343,0,0,0.0,0
858,20,80.0,10400,0,7,5,44,3,7,7,189.0,3,4,3,1,1090,1090,1370,3,1,3,6,0,1,479,0,0,0.0,0
859,60,0.0,11029,0,6,7,52,3,7,7,220.0,3,3,3,2,435,1054,2654,4,1,4,9,0,1,619,222,0,0.0,0
860,50,55.0,7642,0,7,8,102,3,5,5,0.0,4,3,3,1,912,912,1426,3,1,4,7,0,1,216,0,0,0.0,0
861,190,75.0,11625,0,5,4,55,3,9,7,0.0,3,3,3,2,198,1039,1039,3,1,3,6,0,0,504,0,0,0.0,0
862,20,81.0,9672,0,6,5,36,3,7,9,0.0,3,4,3,1,702,1040,1097,3,1,3,6,0,0,480,0,0,0.0,0
863,20,70.0,7931,0,5,5,61,3,10,9,0.0,3,3,3,1,0,1148,1148,3,1,3,6,0,0,672,0,0,0.0,0
864,20,72.0,8640,0,7,5,13,3,11,11,0.0,4,5,3,1,1372,1372,1372,3,1,4,6,0,0,529,0,0,1.0,0
865,20,0.0,8750,0,5,6,50,3,6,6,76.0,3,3,3,1,174,1002,1002,3,1,3,5,0,0,902,0,0,0.0,0
866,20,67.0,10656,0,8,5,14,3,11,11,274.0,4,4,3,3,1638,1638,1646,3,1,4,6,0,1,870,0,0,1.0,0
867,20,85.0,6970,0,4,5,59,3,11,11,0.0,3,3,3,1,108,1040,1120,3,1,2,5,0,0,544,0,0,0.0,0
868,60,0.0,14762,0,5,6,72,3,9,9,0.0,3,0,0,0,0,0,2320,2,1,3,7,0,1,672,0,0,0.0,0
869,60,80.0,9938,0,7,5,27,3,6,6,246.0,4,4,3,1,300,1050,1949,3,1,4,8,0,1,574,0,0,0.0,0
870,20,60.0,6600,0,5,5,58,3,6,6,0.0,3,3,3,1,894,894,894,2,1,3,5,0,0,308,0,0,0.0,0
871,60,70.0,8750,0,6,5,22,3,11,11,116.0,3,4,3,1,299,804,1682,3,1,4,7,0,0,523,0,0,0.0,0
872,20,74.0,8892,0,5,7,67,3,8,8,0.0,4,3,3,3,105,105,910,3,1,4,5,0,0,414,0,0,0.0,0
873,40,60.0,12144,0,5,7,71,3,7,7,0.0,4,3,3,1,457,832,1268,3,1,3,6,0,1,288,0,0,0.0,0
874,50,52.0,5720,0,5,6,79,3,5,5,0.0,3,3,3,1,676,676,1131,3,1,3,5,0,0,200,0,0,0.0,1
875,60,75.0,9000,0,8,5,13,3,12,12,0.0,4,4,3,3,1120,1184,2610,4,1,5,11,0,1,550,0,0,1.0,0
876,20,94.0,25286,0,4,5,57,3,7,9,0.0,3,3,3,4,431,1064,1040,3,1,3,5,0,0,648,0,0,0.0,0
877,60,74.0,8834,0,9,5,16,3,11,11,216.0,4,5,3,1,292,1462,2224,4,1,5,10,0,1,738,0,0,0.0,0
878,85,88.0,11782,0,5,7,59,3,7,7,0.0,3,3,3,3,210,1109,1155,3,1,4,6,2,0,576,0,0,0.0,0
879,20,0.0,7000,0,5,8,42,3,11,11,90.0,4,3,3,1,218,864,864,3,1,3,6,0,0,336,0,0,0.0,0
880,20,60.0,7024,0,5,5,15,3,11,11,0.0,3,5,4,1,110,1090,1090,2,1,3,5,0,0,450,0,0,0.0,0
881,50,44.0,13758,0,7,5,30,3,7,7,117.0,4,4,3,2,254,1156,1717,3,1,4,7,0,1,400,0,0,0.0,0
882,60,0.0,9636,0,6,5,28,3,11,11,0.0,3,4,3,1,808,808,1593,3,1,3,7,0,1,389,0,0,0.0,0
883,75,60.0,6204,0,4,5,108,3,5,5,0.0,4,3,2,1,795,795,2230,5,1,3,10,0,0,440,0,0,0.0,0
884,20,65.0,7150,0,5,5,53,3,7,7,60.0,3,3,3,1,460,892,892,3,1,3,5,0,0,288,0,0,0.0,0
885,120,50.0,5119,0,9,5,21,3,6,6,60.0,4,5,3,3,460,1698,1709,2,1,4,5,0,1,506,0,0,0.0,1
886,90,70.0,8393,0,5,5,61,3,6,6,122.0,3,3,3,1,1098,1626,1712,4,2,3,8,0,0,588,0,0,0.0,0
887,50,59.0,16466,0,5,7,65,3,6,6,0.0,3,3,3,1,816,816,1393,3,1,3,8,0,0,300,265,0,0.0,0
888,20,95.0,15865,0,8,6,50,1,5,5,0.0,4,3,4,4,1043,2217,2217,4,1,4,8,0,1,621,224,0,0.0,0
889,20,128.0,12160,0,6,4,67,3,5,5,90.0,3,3,3,1,481,1505,1505,2,1,3,6,0,1,505,0,0,0.0,0
890,50,60.0,8064,0,5,7,71,3,6,6,0.0,3,3,3,2,672,672,924,3,1,3,6,0,1,576,0,0,0.0,0
891,60,70.0,11184,0,6,5,42,3,7,7,92.0,3,3,3,1,192,918,1683,3,1,3,7,0,1,440,0,0,0.0,0
892,20,70.0,8414,0,6,8,57,3,7,7,0.0,3,3,3,1,396,1059,1068,3,1,3,6,0,0,264,0,0,0.0,0
893,20,0.0,13284,0,5,5,66,3,5,9,0.0,3,4,3,2,319,1383,1383,3,1,3,6,0,1,354,0,0,0.0,0
894,90,64.0,7018,0,5,5,41,3,9,9,0.0,3,0,0,0,0,0,1535,4,2,3,8,0,0,400,0,0,0.0,0
895,60,71.0,7056,0,6,5,57,3,7,7,415.0,3,3,3,1,380,780,1796,4,1,3,8,0,1,483,0,0,0.0,0
896,30,50.0,8765,0,4,6,84,3,5,5,0.0,3,3,3,1,666,951,951,2,1,3,6,0,0,327,0,0,0.0,1
897,90,64.0,7018,0,5,5,41,3,9,9,0.0,3,0,0,0,0,0,2240,6,2,3,12,0,0,528,0,0,0.0,0
898,20,100.0,12919,0,9,5,11,3,11,11,760.0,5,5,3,4,142,2330,2364,2,1,5,11,0,2,820,0,0,1.0,0
899,20,65.0,6993,0,5,7,59,3,7,9,0.0,3,3,3,1,447,912,1236,3,1,3,6,0,1,288,0,0,0.0,0
900,20,0.0,7340,0,4,6,49,3,7,7,0.0,3,3,3,1,536,858,858,2,1,3,4,0,0,684,0,0,0.0,0
901,20,64.0,8712,0,5,7,63,3,6,6,0.0,3,3,3,2,132,992,1306,2,1,3,5,0,0,756,0,0,0.0,0
902,60,63.0,7875,0,7,5,17,3,11,11,0.0,4,4,3,1,783,783,1509,3,1,4,8,0,1,393,0,0,0.0,0
903,20,50.0,14859,0,7,5,14,3,11,11,27.0,4,4,3,1,1670,1670,1670,3,1,4,7,0,1,690,0,0,1.0,0
904,20,0.0,6173,0,5,6,53,3,7,5,75.0,3,3,3,1,277,876,902,3,1,3,6,0,0,288,0,0,0.0,0
905,20,80.0,9920,0,5,5,66,3,7,7,110.0,3,3,3,1,412,1056,1063,3,1,3,6,0,0,280,0,0,0.0,0
906,20,116.0,13501,0,8,5,14,3,11,11,208.0,4,4,3,1,1560,1623,1636,3,1,4,8,0,1,865,0,0,0.0,0
907,50,86.0,11500,0,7,7,84,3,10,10,0.0,4,4,3,1,794,1017,2057,3,1,4,6,0,1,180,322,0,0.0,0
908,20,0.0,8885,0,5,5,37,3,7,7,0.0,3,4,3,3,239,864,902,2,1,3,5,0,0,484,0,0,0.0,0
909,60,149.0,12589,0,6,5,15,3,11,11,0.0,4,4,3,1,742,742,1484,3,1,4,8,0,1,390,0,0,0.0,0
910,90,80.0,11600,0,5,5,60,3,6,6,361.0,3,3,3,1,662,1105,2274,5,2,3,12,0,0,480,0,0,0.0,0
911,20,0.0,9286,0,5,7,43,3,7,9,0.0,3,4,4,3,1072,1268,1268,3,1,4,5,0,0,252,0,0,0.0,0
912,30,51.0,6120,0,5,7,95,3,6,6,0.0,3,3,3,1,279,768,1015,3,1,3,6,1,0,450,120,0,0.0,1
913,90,82.0,6270,0,5,6,71,3,6,6,0.0,3,3,3,1,717,1001,2002,4,2,3,8,0,0,871,0,0,0.0,0
914,160,30.0,3000,0,6,5,11,3,11,11,76.0,4,4,3,3,318,612,1224,2,1,4,4,0,0,528,0,0,1.0,0
915,160,21.0,2001,0,4,5,50,3,12,12,80.0,3,3,3,1,546,546,1092,3,1,3,6,0,0,286,0,0,0.0,0
916,20,50.0,9000,0,2,3,71,3,3,3,0.0,3,3,3,3,430,480,480,1,1,3,4,0,0,308,0,0,0.0,1
917,20,0.0,17140,0,4,6,64,3,11,11,0.0,3,3,3,1,75,1134,1229,3,1,3,6,0,0,284,0,0,0.0,0
918,60,103.0,13125,0,7,5,29,3,7,7,0.0,4,5,3,2,422,1104,2127,4,1,4,8,0,1,833,0,0,0.0,0
919,20,87.0,11029,0,6,8,62,3,6,6,0.0,5,4,3,1,245,1184,1414,3,1,3,6,1,1,601,190,0,0.0,0
920,60,70.0,8462,0,6,5,26,3,7,7,105.0,4,4,4,1,114,928,1721,3,1,4,7,0,0,471,0,0,0.0,0
922,20,65.0,10237,0,6,5,15,3,11,11,0.0,4,4,3,1,1288,1316,1316,3,1,4,6,0,1,397,0,0,1.0,0
923,120,50.0,8012,0,6,5,27,3,9,9,0.0,4,4,3,1,598,1604,1617,2,1,4,5,0,1,533,0,0,0.0,0
924,20,79.0,10240,0,6,6,40,3,9,9,157.0,3,4,3,1,0,1686,1686,3,1,3,7,0,1,612,0,0,0.0,0
925,20,0.0,15611,0,5,6,43,3,11,11,0.0,3,4,3,3,266,1126,1126,3,1,5,6,0,0,540,0,0,0.0,1
926,60,93.0,11999,0,8,5,17,3,11,11,340.0,4,4,3,1,1181,1181,2374,4,1,5,10,0,1,656,0,0,0.0,0
927,60,0.0,9900,0,7,5,52,3,6,6,342.0,3,3,3,1,280,832,1978,4,1,3,9,0,1,486,0,0,0.0,0
928,20,0.0,11838,0,8,5,19,3,11,11,0.0,4,4,3,3,1753,1753,1788,3,1,5,7,0,1,522,0,0,0.0,0
929,60,0.0,13006,0,7,5,23,3,7,7,285.0,3,4,3,1,964,964,2236,4,1,4,8,0,1,642,0,0,0.0,0
930,20,73.0,8925,0,8,5,13,3,11,11,0.0,4,4,3,3,1450,1466,1466,3,1,4,7,0,0,610,0,0,0.0,0
931,20,70.0,9100,0,5,6,55,3,11,11,0.0,3,3,3,1,121,925,925,2,1,3,5,0,0,429,0,0,0.0,0
932,20,84.0,11670,0,9,5,14,3,11,4,302.0,5,5,4,1,1905,1905,1905,3,1,5,8,0,1,788,0,0,0.0,0
933,20,63.0,8487,0,7,5,16,3,11,11,210.0,4,4,3,3,1480,1500,1500,3,1,4,6,0,0,570,0,0,0.0,0
934,20,313.0,27650,0,7,7,60,1,5,5,0.0,3,4,3,4,160,585,2069,4,1,4,9,0,1,505,0,0,0.0,0
935,30,52.0,5825,0,4,5,94,3,6,6,108.0,3,2,3,2,600,600,747,1,1,3,5,0,0,528,0,0,0.0,0
937,60,75.0,9675,0,7,5,15,3,11,11,0.0,4,4,3,2,772,1113,1971,3,1,4,8,0,1,689,0,0,0.0,0
938,60,73.0,8760,0,7,5,14,3,11,11,0.0,4,4,4,2,927,1391,1962,3,1,4,7,0,0,868,0,0,1.0,0
939,70,0.0,24090,0,7,7,80,3,6,6,0.0,3,3,3,2,1032,1032,2403,4,1,3,10,0,2,349,0,0,0.0,0
940,90,55.0,12640,0,6,5,44,3,9,9,0.0,3,3,3,4,396,1728,1728,4,2,3,8,0,0,574,0,0,0.0,0
941,60,0.0,8755,0,7,5,21,3,11,11,298.0,4,4,3,1,220,992,2060,3,1,4,8,0,1,390,0,0,0.0,0
943,90,100.0,25000,0,5,4,53,3,7,9,0.0,3,3,3,3,1632,1632,1632,4,2,3,8,0,0,576,0,0,0.0,0
944,20,0.0,14375,0,6,6,62,3,7,7,541.0,3,3,3,1,354,819,1344,3,1,4,7,0,1,525,233,0,0.0,1
945,50,98.0,8820,0,5,6,130,3,11,11,0.0,3,3,3,1,0,1088,1869,2,1,3,7,0,0,456,0,0,0.0,0
946,80,70.0,8163,0,5,6,61,3,7,7,128.0,3,3,3,3,102,1144,1144,3,1,3,6,0,1,796,0,0,0.0,0
947,20,85.0,14536,0,8,5,18,3,11,11,236.0,4,4,3,3,316,1616,1629,3,1,4,9,0,1,808,0,0,0.0,0
948,60,65.0,14006,0,7,5,18,3,11,11,144.0,4,4,3,0,936,936,1776,3,1,4,7,0,1,474,0,0,0.0,0
949,20,78.0,9360,0,6,7,48,3,9,9,0.0,3,3,3,1,179,1161,1381,3,1,4,5,0,1,676,0,0,0.0,0
950,20,60.0,7200,0,5,8,70,3,11,11,0.0,3,3,3,1,317,864,864,3,1,4,5,0,0,720,0,0,0.0,0
951,20,60.0,7800,0,5,5,55,3,11,11,0.0,3,3,3,1,187,828,965,3,1,3,6,0,0,300,0,0,0.0,1
952,85,60.0,7200,0,5,8,48,3,8,7,0.0,3,4,3,3,108,768,768,2,1,3,5,0,0,396,0,0,0.0,0
953,60,0.0,11075,0,5,4,51,3,7,7,232.0,3,3,3,3,29,784,1968,4,1,3,7,2,1,530,0,0,0.0,0
955,90,82.0,7136,0,6,6,74,3,6,6,423.0,3,4,3,1,495,979,1958,4,2,3,8,0,0,492,0,0,0.0,0
956,160,24.0,1300,0,6,6,40,3,6,6,0.0,3,4,3,1,276,561,1229,2,1,3,5,0,1,462,0,0,0.0,0
957,20,70.0,7420,0,5,5,58,3,6,6,0.0,3,3,3,1,640,1057,1057,3,1,3,6,0,0,576,0,0,0.0,0
958,20,65.0,8450,0,7,5,17,3,11,11,0.0,4,4,3,2,638,1337,1337,3,1,4,6,0,0,531,0,0,0.0,0
959,160,24.0,2572,0,7,5,21,3,6,6,0.0,4,4,3,1,92,696,1416,3,1,4,6,0,0,484,0,0,0.0,0
961,60,0.0,12227,0,6,7,43,3,7,7,424.0,3,4,4,1,434,1330,2872,4,1,3,11,0,1,619,0,0,0.0,0
962,160,24.0,2308,0,6,6,44,3,9,1,0.0,3,4,3,1,248,804,1548,3,1,4,7,0,1,440,0,0,0.0,0
963,20,122.0,11923,0,9,5,13,3,11,11,0.0,4,5,3,1,1800,1800,1800,2,1,5,7,0,0,702,0,0,0.0,0
964,60,80.0,11316,0,7,5,18,3,11,11,44.0,4,4,3,1,193,817,1894,4,1,4,8,0,1,510,0,0,0.0,0
965,60,65.0,10237,0,6,5,15,3,11,11,0.0,4,4,3,1,783,783,1484,3,1,4,8,0,1,393,0,0,1.0,0
966,50,130.0,9600,0,5,7,80,3,6,6,0.0,4,3,2,1,300,728,1308,2,1,3,7,2,2,256,0,0,0.0,0
967,20,0.0,7390,0,5,7,65,3,5,5,151.0,3,3,3,1,196,1098,1098,3,1,3,6,0,0,260,0,0,0.0,0
969,190,75.0,10382,0,6,5,62,3,7,7,105.0,3,3,3,4,75,588,1095,2,1,3,6,0,0,264,0,0,0.0,0
971,160,36.0,2268,0,7,5,17,3,11,8,106.0,4,4,3,1,197,764,1626,2,1,4,6,0,0,474,0,0,0.0,0
972,120,55.0,7892,0,6,5,41,3,9,9,0.0,3,4,3,1,918,918,918,2,1,3,5,0,1,264,0,0,0.0,0
974,70,60.0,11414,-1,7,8,110,3,7,7,0.0,3,4,3,1,728,728,2019,3,1,4,8,0,0,532,0,0,0.0,0
975,160,0.0,2651,0,7,5,20,3,6,6,0.0,4,4,3,1,32,673,1382,3,1,4,6,0,0,490,0,0,0.0,0
978,20,68.0,9450,0,4,5,66,3,6,6,0.0,3,3,3,1,342,894,894,3,1,3,5,0,0,400,0,0,0.0,1
979,20,80.0,8816,0,5,6,57,3,11,11,0.0,3,3,3,1,470,1121,1121,3,1,3,5,0,0,480,0,0,0.0,0
980,85,0.0,12122,0,7,9,59,3,12,12,210.0,5,3,3,3,77,944,999,3,1,5,6,0,0,588,0,0,0.0,0
981,60,98.0,12203,0,8,5,22,3,11,11,975.0,4,4,3,1,371,1225,2612,4,1,4,8,0,1,676,0,0,0.0,0
982,20,43.0,3182,0,7,5,13,3,11,11,16.0,4,4,3,3,1266,1266,1266,2,1,4,6,0,1,388,0,0,0.0,0
983,60,0.0,11250,0,8,5,18,3,12,12,0.0,4,4,3,2,1128,1128,2290,4,1,4,9,0,1,779,0,0,0.0,0
984,90,75.0,10125,0,5,5,43,3,9,9,0.0,3,0,0,0,0,0,1734,4,2,4,8,0,0,539,0,0,0.0,0
985,190,68.0,10880,0,5,5,70,3,6,6,0.0,3,3,3,1,124,1164,1164,3,1,3,5,0,0,240,0,0,0.0,0
986,50,59.0,5310,0,6,8,110,3,11,11,0.0,3,3,2,1,485,485,1635,2,1,4,5,0,0,255,0,0,0.0,0
987,20,83.0,10159,0,9,5,11,3,11,11,450.0,5,5,3,3,284,1930,1940,3,1,5,8,0,1,606,0,0,1.0,0
988,60,0.0,12046,0,6,6,44,3,9,9,298.0,3,3,3,1,692,848,2030,4,1,4,8,0,1,551,0,0,0.0,0
989,60,65.0,8125,0,7,5,14,3,11,11,0.0,4,4,4,1,770,770,1576,3,1,4,6,0,0,614,0,0,1.0,0
990,60,82.0,9452,0,8,5,23,3,11,11,423.0,4,4,3,1,322,1396,2392,3,1,4,7,0,1,870,0,0,0.0,0
991,70,121.0,17671,0,8,9,138,3,5,5,0.0,4,3,3,1,700,916,1742,4,1,4,8,0,1,424,0,0,0.0,0
992,60,80.0,9760,0,6,8,56,3,5,5,340.0,3,3,3,4,169,822,1851,3,1,4,7,0,1,440,0,0,0.0,0
993,60,68.0,8846,0,6,5,15,3,11,11,0.0,3,4,3,1,750,750,1500,3,1,4,6,0,0,564,0,0,1.0,0
994,20,96.0,12456,0,10,5,14,3,12,12,230.0,5,5,3,4,528,1700,1718,3,1,5,7,0,1,786,0,0,0.0,0
995,50,51.0,4712,0,4,7,74,3,6,6,0.0,3,3,3,1,363,747,1230,3,1,3,5,0,0,305,63,0,0.0,1
996,20,0.0,10659,0,5,6,59,3,5,5,0.0,3,3,3,1,135,1050,1050,3,1,3,6,0,0,368,0,0,0.0,0
997,20,0.0,11717,0,6,6,50,3,7,7,571.0,3,3,3,1,1442,1442,1442,2,1,3,6,0,1,615,0,0,0.0,0
998,30,60.0,9786,0,3,4,98,3,5,5,0.0,3,3,2,1,1007,1007,1077,3,1,3,6,0,1,210,0,0,0.0,0
999,20,64.0,6762,0,7,5,14,3,11,11,24.0,4,4,3,3,501,1187,1208,2,1,4,6,0,0,632,0,0,0.0,0
1000,20,74.0,10206,0,3,3,68,1,1,1,0.0,3,0,0,0,0,0,944,2,1,2,4,1,0,528,0,0,0.0,0
1001,30,60.0,5400,0,5,6,100,3,5,5,0.0,3,2,3,1,691,691,691,2,1,5,4,0,0,216,0,0,0.0,1
1002,20,75.0,11957,0,8,5,14,3,11,11,53.0,4,4,3,1,1550,1574,1574,3,1,4,7,0,1,824,0,0,0.0,0
1003,90,0.0,11500,-1,5,6,44,3,11,11,164.0,3,3,3,1,1680,1680,1680,4,2,3,8,0,0,528,0,0,0.0,0
1004,120,43.0,3182,0,7,5,15,3,11,11,16.0,4,4,3,1,1330,1346,1504,1,1,4,7,0,1,457,0,0,0.0,0
1005,80,65.0,8385,0,5,8,43,3,7,7,220.0,4,4,4,3,390,985,985,3,1,3,6,0,0,328,0,0,0.0,0
1006,20,0.0,12155,0,6,3,50,3,9,9,0.0,3,4,3,1,420,1657,1657,3,1,3,7,0,1,484,147,0,0.0,0
1007,160,21.0,2217,0,4,4,50,3,12,12,0.0,3,3,3,1,0,546,1092,3,1,3,6,0,0,286,0,0,0.0,0
1008,20,43.0,12118,0,7,5,16,3,11,11,108.0,4,5,3,2,1710,1710,1710,3,1,4,7,0,1,550,180,0,0.0,0
1010,50,115.0,21286,0,5,5,72,3,5,5,0.0,3,3,3,1,720,720,1271,4,1,3,7,0,1,312,0,0,0.0,0
1012,70,55.0,10592,0,6,7,97,3,5,5,0.0,3,3,2,1,602,602,1502,3,1,4,7,0,2,180,53,0,0.0,0
1013,30,60.0,7200,0,5,4,110,3,6,4,0.0,3,3,3,1,310,1022,1022,2,1,3,4,5,0,280,0,0,0.0,0
1014,20,60.0,11664,0,6,5,72,3,6,6,206.0,3,3,2,1,746,1082,1082,2,1,3,5,0,1,240,0,0,0.0,0
1015,60,70.0,8400,0,8,6,19,3,11,11,0.0,4,4,3,1,167,810,1665,3,1,4,6,0,0,528,0,0,0.0,0
1016,20,73.0,11883,0,7,5,24,3,11,11,196.0,4,4,3,4,814,1504,1504,3,1,4,6,0,1,478,0,0,0.0,0
1017,120,0.0,5814,0,8,5,36,3,7,7,0.0,4,4,3,3,184,1220,1360,1,1,4,4,0,1,565,0,0,0.0,1
1018,80,0.0,10784,0,7,5,29,3,7,7,76.0,4,4,3,1,384,384,1472,3,1,4,7,0,1,402,0,0,0.0,0
1019,120,43.0,3013,0,7,5,15,3,11,11,145.0,4,4,3,4,1346,1362,1506,2,1,4,6,0,1,440,0,0,0.0,0
1020,20,60.0,7024,0,4,5,15,3,11,11,0.0,3,4,3,1,108,1132,1132,2,1,4,5,0,0,451,0,0,0.0,0
