,OverallQual,YearBuilt,YearRemodAdd,ExterQual,BsmtQual,TotalBsmtSF,1stFlrSF,GrLivArea,FullBath,KitchenQual,TotRmsAbvGrd,FireplaceQu,GarageFinish,GarageCars,GarageArea,SalePrice
0,7,17,17,4,4,856,856,1710,2,4,8,0,2,2,548,208500
1,6,44,44,3,4,1262,1262,1262,2,3,6,3,2,2,460,181500
2,7,19,18,4,4,920,920,1786,2,4,6,3,2,2,608,223500
3,7,105,50,3,3,756,961,1717,1,4,7,4,1,3,642,140000
4,8,20,20,4,4,1145,1145,2198,2,4,9,3,2,3,836,250000
5,5,27,25,3,4,796,796,1362,1,3,5,0,1,2,480,143000
6,8,16,15,4,5,1686,1694,1694,2,4,7,4,2,2,636,307000
7,7,47,47,3,4,1107,1107,2090,2,3,7,3,2,2,484,200000
8,7,89,70,3,3,952,1022,1774,2,3,8,3,1,2,468,129900
9,5,81,70,3,3,991,1077,1077,1,3,5,3,2,1,205,118000
10,5,55,55,3,3,1040,1040,1040,1,3,5,0,1,1,384,129500
11,9,15,14,5,5,1175,1182,2324,3,5,11,4,3,3,736,345000
12,5,58,58,3,3,912,912,912,1,3,4,0,1,1,352,144000
13,7,14,13,4,4,1494,1494,1494,2,4,7,4,2,3,840,279500
14,6,60,60,3,3,1253,1253,1253,1,3,5,2,2,1,352,157000
15,7,91,19,3,3,832,854,854,1,3,5,0,1,2,576,132000
16,6,50,50,3,3,1004,1004,1004,1,3,5,3,3,2,480,149000
17,4,53,53,3,0,0,1296,1296,2,3,6,0,1,2,516,90000
18,5,16,16,3,3,1114,1114,1114,1,4,6,0,1,2,576,159000
19,5,62,55,3,3,1029,1339,1339,1,3,6,0,1,1,294,139000
20,8,15,14,4,5,1158,1158,2376,3,4,9,4,2,3,853,325300
21,7,90,70,3,3,637,1108,1108,1,4,6,4,1,1,280,139400
22,8,18,18,4,4,1777,1795,1795,2,4,7,4,2,2,534,230000
23,5,44,44,3,4,1040,1060,1060,1,3,6,3,1,2,572,129900
24,5,52,19,3,3,1060,1060,1060,1,4,6,3,1,1,270,154000
25,8,13,13,4,4,1566,1600,1600,2,4,7,4,2,3,890,256300
26,5,69,20,3,3,900,900,900,1,4,5,0,1,2,576,134800
27,8,13,12,4,5,1704,1704,1704,2,4,7,4,2,3,772,306000
28,5,63,23,3,3,1484,1600,1600,1,3,6,4,2,1,319,207500
29,4,93,70,3,3,520,520,520,1,2,4,0,1,1,240,68500
30,4,100,70,3,3,649,649,1317,1,3,6,0,1,1,250,40000
31,5,54,14,3,3,1228,1228,1228,1,4,6,0,1,1,271,149350
32,8,13,13,4,5,1234,1234,1234,2,4,7,0,2,2,484,179900
33,5,61,61,3,3,1398,1700,1700,1,4,6,4,2,2,447,165500
34,9,15,15,5,5,1561,1561,1561,2,5,6,4,3,2,556,277500
35,8,16,15,4,5,1117,1132,2452,3,4,9,4,3,3,691,309000
36,5,26,25,3,4,1097,1097,1097,1,3,6,0,1,2,672,145000
37,5,66,30,3,3,1297,1297,1297,1,3,5,3,3,2,498,153000
38,5,67,13,3,3,1057,1057,1057,1,4,5,0,1,1,246,109000
39,4,65,65,3,0,0,1152,1152,2,2,6,0,0,0,0,82000
40,6,55,55,3,3,1088,1324,1324,2,3,6,3,2,2,440,160000
41,5,61,61,3,3,1350,1328,1328,1,3,5,4,2,1,308,170000
42,5,37,37,3,4,840,884,884,1,4,5,0,2,2,504,144000
43,5,45,40,3,4,938,938,938,1,3,5,0,1,1,308,130250
44,5,61,61,3,3,1150,1150,1150,1,3,6,0,2,1,300,141000
45,9,15,15,5,5,1752,1752,1752,2,5,6,4,2,2,576,319900
46,7,17,17,4,5,1434,1518,2149,1,4,6,5,2,2,670,239686
47,8,14,14,4,4,1656,1656,1656,2,4,7,0,2,3,826,249700
48,4,100,12,3,3,736,736,1452,2,3,8,0,0,0,0,113000
49,5,54,54,3,3,955,955,955,1,3,6,0,1,1,386,127000
50,6,23,23,3,4,794,794,1470,2,3,6,0,3,2,388,177000
51,6,86,70,3,3,816,816,1176,1,3,6,4,1,2,528,114500
52,5,57,57,2,4,816,816,816,1,3,5,0,1,2,516,110000
53,9,39,33,4,5,1842,1842,1842,0,4,5,4,3,3,894,385000
54,5,65,65,3,3,384,1360,1360,1,3,6,3,1,2,572,130000
55,6,56,56,3,3,1425,1425,1425,2,3,7,4,2,2,576,180500
56,8,21,20,4,4,970,983,1739,2,4,7,0,3,2,480,172500
57,7,16,16,4,4,860,860,1720,2,4,7,0,2,2,565,196500
58,10,14,14,5,5,1410,1426,2945,3,4,10,4,3,3,641,438780
59,5,48,48,3,3,780,780,780,1,3,4,0,1,1,352,124900
60,6,16,16,3,4,1158,1158,1158,1,4,5,0,1,2,576,158000
61,5,100,24,3,3,530,581,1111,1,2,6,0,1,1,288,101000
62,8,14,14,4,4,1370,1370,1370,2,4,6,4,2,2,484,202500
63,7,99,70,3,3,576,902,1710,2,3,9,0,1,2,480,140000
64,7,23,22,3,4,1057,1057,2034,2,4,8,0,2,2,645,219500
65,8,16,15,4,5,1143,1143,2473,2,4,9,4,2,3,852,317000
66,7,50,31,3,4,1947,2207,2207,2,3,7,4,2,2,576,180000
67,7,17,17,4,4,1453,1479,1479,2,4,7,0,2,2,558,226000
68,4,75,70,3,3,747,747,747,1,3,4,0,1,1,220,80000
69,7,67,67,4,3,1304,1304,2287,2,3,7,3,3,2,667,225000
70,7,47,47,3,4,2223,2223,2223,2,3,8,4,3,2,516,244000
71,4,38,14,3,3,845,845,845,1,3,4,0,1,2,360,129500
72,7,22,22,3,4,832,885,1718,2,3,7,3,3,2,427,185000
73,5,66,17,3,3,1086,1086,1086,1,3,6,0,1,2,490,144900
74,3,105,70,4,2,840,840,1605,2,3,8,0,1,1,379,107400
75,4,47,47,3,4,462,526,988,1,3,5,0,1,1,297,91000
76,4,64,64,3,3,952,952,952,1,3,4,0,1,1,283,135750
77,5,72,19,3,3,672,1072,1285,1,3,6,0,1,1,240,127000
78,4,52,52,3,3,1768,1768,1768,2,3,8,0,0,0,0,136500
79,5,110,39,3,3,440,682,1230,1,3,5,0,1,2,440,110000
80,6,52,52,3,4,896,1182,2142,2,4,8,4,3,1,509,193500
81,6,22,22,3,5,1237,1337,1337,2,3,5,0,3,2,405,153500
82,8,13,13,3,4,1563,1563,1563,2,4,6,4,2,3,758,245000
83,5,60,60,3,3,1065,1065,1065,1,3,6,0,1,2,461,126500
84,7,25,24,3,4,384,804,1474,2,3,7,3,3,2,400,168500
85,8,29,28,4,4,1288,1301,2417,2,4,9,3,1,2,462,260000
86,6,15,15,4,4,684,684,1560,2,4,6,4,3,2,400,174000
87,6,11,11,4,4,612,612,1224,2,4,4,0,2,2,528,164500
88,3,105,38,2,3,1013,1013,1526,1,2,6,0,0,0,0,85000
89,4,26,25,3,4,990,990,990,1,3,5,0,0,0,0,123600
90,4,70,70,3,0,0,1040,1040,1,3,4,0,1,2,420,109900
91,5,59,59,3,3,1235,1235,1235,1,3,6,0,1,2,480,98600
92,5,99,14,3,4,876,964,964,1,3,5,0,1,2,432,163500
93,6,110,22,3,3,1214,1260,2291,2,3,9,4,1,2,506,133900
94,6,23,23,3,4,824,905,1786,2,4,7,0,2,2,684,204750
95,6,27,27,5,4,680,680,1470,2,3,6,3,3,2,420,185000
96,7,21,21,4,4,1588,1588,1588,2,4,6,0,2,2,472,214000
97,4,55,55,3,3,960,960,960,1,3,6,0,3,1,432,94750
98,5,100,70,3,3,458,835,835,1,3,5,0,1,1,366,83000
99,4,61,61,3,3,950,1225,1225,1,3,6,0,0,0,0,128950
100,6,43,19,3,3,1610,1610,1610,2,4,6,3,2,2,480,205000
101,6,35,35,4,4,741,977,1732,2,4,7,3,3,2,476,178000
102,5,41,41,3,0,0,1535,1535,2,3,8,0,1,2,410,118964
103,7,11,11,3,4,1226,1226,1226,2,4,6,0,2,3,740,198900
104,7,89,70,3,3,1040,1226,1818,1,3,7,3,1,1,240,169500
105,8,17,16,4,5,1053,1053,1992,2,4,9,4,2,2,648,250000
106,4,135,25,3,2,641,1047,1047,1,3,6,0,1,1,273,100000
107,5,72,70,3,3,789,789,789,1,3,5,0,1,1,250,115000
108,5,101,15,3,3,793,997,1517,2,2,7,0,0,0,0,115000
109,6,43,43,3,4,1844,1844,1844,2,3,7,3,2,2,546,190000
110,6,66,48,3,3,994,1216,1855,2,3,7,0,1,1,325,136900
111,7,20,20,3,4,384,774,1430,2,3,7,3,3,2,400,180000
112,7,13,13,4,5,1264,1282,2696,2,5,10,4,3,3,792,383970
113,6,67,67,3,4,1809,2259,2259,2,4,7,4,1,2,450,217000
114,6,75,18,3,3,1028,1436,2320,2,4,9,3,1,1,180,259500
115,6,21,21,3,4,729,729,1458,2,3,5,2,1,2,440,176000
116,5,58,58,3,3,1092,1092,1092,1,3,6,1,1,1,288,139000
117,5,14,13,3,4,1125,1125,1125,1,3,5,0,1,2,430,155000
118,7,30,30,3,4,1673,1699,3222,3,4,11,3,1,3,594,320000
119,6,15,14,4,4,728,728,1456,2,4,8,4,3,2,390,163990
120,6,51,51,3,3,938,988,988,1,3,4,3,1,2,540,180000
121,4,81,70,3,3,732,772,1123,1,3,4,0,1,1,264,100000
122,6,62,62,3,3,1080,1080,1080,1,3,5,0,1,1,288,136000
123,6,27,27,4,4,1199,1199,1199,2,4,5,0,2,2,530,153900
124,6,41,22,3,4,1362,1586,1586,2,3,7,3,1,2,435,181000
125,6,85,38,3,3,520,520,754,1,3,5,0,0,0,0,84500
126,6,44,44,3,4,1078,958,958,2,3,5,3,2,2,440,128000
127,5,90,70,3,3,672,840,840,1,3,5,3,0,0,0,87000
128,6,54,54,3,3,660,660,1348,1,3,6,2,2,2,453,155000
129,5,62,29,3,3,1008,1053,1053,1,5,6,0,2,2,750,150000
130,7,54,54,3,3,924,1216,2157,2,4,8,4,3,2,487,226000
131,6,20,20,4,4,992,1022,2054,2,4,7,3,2,2,390,244000
132,5,61,18,3,3,1063,1327,1327,1,4,7,0,1,2,624,150750
133,8,19,18,4,5,1267,1296,1296,2,4,6,0,3,2,471,220000
134,5,52,27,3,3,1461,1721,1721,2,3,7,3,2,2,440,180000
135,7,50,50,3,3,1304,1682,1682,2,3,7,4,1,2,530,174000
136,5,53,53,3,3,1214,1214,1214,2,3,5,2,2,1,318,143000
137,7,32,31,3,3,1907,1959,1959,3,3,9,0,1,3,766,171000
138,8,21,20,4,4,1004,1004,1852,2,4,7,3,3,3,660,230000
139,6,23,23,3,4,928,928,1764,2,4,7,0,2,2,470,231500
140,4,49,49,3,3,864,864,864,1,3,5,1,0,0,0,115000
141,7,15,15,4,4,1734,1734,1734,2,4,7,0,3,2,660,260000
142,5,68,68,3,3,910,910,1385,2,3,6,0,1,2,720,166000
143,7,21,21,4,4,1490,1501,1501,2,4,6,0,2,2,577,204000
144,5,57,57,3,3,1728,1728,1728,2,3,10,0,1,2,504,125000
145,6,16,14,4,4,970,970,1709,2,4,7,0,1,2,380,130000
146,5,89,27,3,3,715,875,875,1,3,5,0,1,1,180,105000
147,7,19,19,4,4,884,884,2035,2,4,8,4,3,2,434,222500
148,7,16,15,3,4,1080,1080,1080,1,4,6,0,0,0,0,141000
149,5,84,70,3,4,896,896,1344,1,3,7,0,1,1,240,115000
150,5,45,45,3,3,969,969,969,1,3,5,0,1,2,440,122000
151,8,13,12,4,5,1710,1710,1710,2,4,6,4,2,3,866,372402
152,6,49,49,3,3,825,1097,1993,2,3,8,4,2,2,495,190000
153,6,60,45,3,4,1602,1252,1252,1,3,4,4,2,2,564,235000
154,6,97,70,3,3,1200,1200,1200,1,3,7,0,1,1,312,125000
155,6,96,70,3,3,572,572,1096,1,3,5,0,0,0,0,79000
156,5,70,70,3,0,0,1040,1040,1,3,5,0,1,2,625,109500
157,8,11,10,4,5,774,774,1968,2,5,8,4,3,3,680,269500
158,7,16,15,4,4,991,991,1947,2,4,8,4,2,2,678,254900
159,7,15,14,4,4,1392,1392,2462,2,4,9,4,2,2,576,320000
160,6,36,36,3,4,1232,1232,1232,2,3,6,0,1,2,516,162500
161,9,17,16,4,5,1572,1572,2668,2,5,10,4,3,3,726,412500
162,7,15,15,4,4,1541,1541,1541,2,4,7,4,2,2,532,220000
163,4,64,64,3,3,882,882,882,1,3,4,0,0,0,0,103200
164,6,94,16,3,3,1149,1149,1616,2,4,5,0,1,1,216,152000
165,5,80,21,3,3,644,808,1355,2,3,6,0,0,0,0,127500
166,5,65,27,4,3,1617,1867,1867,1,3,7,4,3,1,303,190000
167,8,13,13,4,5,1582,1610,2161,1,5,8,4,3,3,789,325624
168,7,16,16,4,4,840,840,1720,2,4,7,4,3,2,440,183500
169,8,39,39,4,4,1686,1707,1707,2,3,6,3,2,2,511,228000
170,5,79,70,3,3,720,854,1382,1,3,7,0,1,2,660,128500
171,6,60,60,3,3,1080,1656,1656,1,3,7,4,3,2,528,215000
172,7,33,33,4,4,1064,1064,1767,2,4,5,3,2,2,504,239000
173,6,59,59,3,3,1362,1362,1362,1,3,6,3,1,2,504,163000
174,6,34,34,3,4,1606,1651,1651,2,3,7,3,3,2,616,184000
175,6,70,19,3,3,1202,2158,2158,2,4,7,4,1,2,576,243000
176,6,32,31,4,4,1151,1164,2060,2,3,8,3,1,2,521,211000
177,5,62,62,4,3,1052,1252,1920,2,4,8,4,1,2,451,172500
178,9,12,11,5,5,2216,2234,2234,2,5,9,4,3,3,1166,501837
179,5,97,14,4,3,968,968,968,1,3,5,0,1,2,480,100000
180,6,20,20,4,4,756,769,1525,2,4,5,3,1,2,440,177000
181,7,100,70,3,2,793,901,1802,1,3,9,4,1,1,216,200100
182,5,63,14,3,0,0,1340,1340,1,3,7,4,2,1,252,120000
183,7,17,17,3,4,1362,1362,2082,2,4,6,0,1,2,484,200000
184,5,112,29,3,2,504,936,1252,1,3,5,0,1,2,576,127000
185,10,128,27,4,3,1107,1518,3608,2,5,12,3,1,3,840,475000
186,7,30,29,3,4,1188,1217,1217,2,4,6,0,1,2,497,173000
187,5,104,33,3,2,660,808,1656,2,3,8,0,1,1,180,135000
188,5,41,41,3,4,1086,1224,1224,0,3,6,3,1,2,528,153337
189,8,19,18,4,5,1593,1593,1593,1,5,5,4,3,2,682,286000
190,8,88,26,4,4,853,1549,2727,2,4,10,3,1,2,440,315000
191,7,48,16,3,3,725,725,1479,1,4,7,0,3,2,484,184000
192,7,21,21,4,4,1431,1431,1431,2,4,6,0,3,2,666,192000
193,7,16,16,4,4,970,970,1709,2,4,7,0,1,2,380,130000
194,5,48,48,3,3,864,864,864,1,3,5,0,1,1,352,127000
195,6,44,44,3,4,855,855,1456,2,3,7,3,1,2,440,148500
196,7,13,13,5,5,1726,1726,1726,2,5,8,4,3,3,786,311872
197,8,102,30,4,3,1360,1360,3112,2,4,8,5,1,2,795,235000
198,6,108,70,3,3,755,929,2229,1,3,8,0,0,0,0,104000
199,8,16,15,4,5,1713,1713,1713,2,5,7,4,3,3,856,274900
200,4,17,16,3,4,1121,1121,1121,2,3,5,0,2,2,440,140000
201,6,43,43,3,3,1196,1279,1279,2,3,6,2,1,2,473,171500
202,6,96,70,3,2,617,865,1310,2,3,6,0,1,1,398,112000
203,6,16,16,4,4,848,848,848,1,4,3,4,2,2,420,149000
204,5,73,70,3,3,720,720,1284,1,3,5,0,1,1,240,110000
205,7,30,30,3,4,1424,1442,1442,2,3,5,0,2,2,500,180500
206,5,58,58,3,3,1140,1696,1696,1,3,8,3,2,1,349,143900
207,4,60,60,3,3,1100,1100,1100,1,3,6,1,2,1,312,141000
208,7,32,31,4,4,1157,1180,2062,2,3,7,4,3,2,454,277000
209,6,56,56,3,4,1092,1092,1092,1,3,6,0,2,2,504,145000
210,5,95,70,3,3,864,864,864,1,3,5,0,0,0,0,98000
211,6,11,11,3,4,1212,1212,1212,2,4,6,0,2,2,460,186000
212,7,11,11,3,4,900,932,1852,2,4,7,3,2,2,644,252678
213,5,25,25,3,4,990,990,990,1,3,5,0,1,2,576,156000
214,6,43,43,3,4,689,689,1392,1,3,6,0,3,1,299,161750
215,5,63,24,3,3,1070,1236,1236,1,4,6,2,1,1,447,134450
216,7,16,16,4,4,1436,1436,1436,2,4,8,0,1,2,484,210000
217,4,95,70,3,3,686,810,1328,1,3,8,0,1,1,210,107000
218,7,81,14,4,3,798,1137,1954,1,4,8,3,1,2,431,311500
219,7,15,14,4,4,1248,1248,1248,2,4,5,0,3,2,438,167240
220,7,14,14,4,4,1498,1498,1498,2,4,5,0,2,2,675,204900
221,6,18,18,4,4,1010,1010,2267,2,4,8,3,2,2,390,200000
222,6,45,45,3,4,713,811,1552,2,3,6,3,2,2,434,179900
223,4,49,49,3,3,864,864,864,1,3,4,0,1,2,576,97000
224,10,17,17,5,5,2392,2392,2392,2,5,8,5,3,3,968,386250
225,5,49,49,3,3,630,630,1302,2,3,6,0,1,1,280,112000
226,7,25,25,4,4,1203,1214,2520,2,4,9,3,2,3,721,290000
227,6,50,50,3,3,483,483,987,1,3,5,0,1,1,280,106000
228,5,53,53,3,3,912,912,912,1,3,5,2,1,1,336,125000
229,7,15,14,4,4,1373,1555,1555,2,4,7,3,3,2,430,192500
230,6,61,61,3,3,1194,1194,1194,1,3,6,0,2,1,312,148000
231,8,25,24,4,4,1462,1490,2794,2,5,9,3,3,3,810,403000
232,6,48,48,3,3,483,483,987,1,3,5,1,1,1,288,94500
233,5,44,44,3,3,894,894,894,1,3,5,0,1,1,308,128200
234,6,18,18,4,4,860,860,1960,2,4,8,3,3,2,440,216500
235,6,49,49,3,3,483,483,987,1,3,5,0,1,1,264,89500
236,7,16,16,4,4,1414,1414,1414,2,4,6,0,2,2,494,185500
237,7,27,17,4,4,996,1014,1744,2,4,7,0,2,2,457,194500
238,8,13,13,5,5,1694,1694,1694,2,4,7,0,3,3,818,318000
239,6,75,70,3,3,735,798,1487,1,3,7,4,1,1,220,113000
240,8,12,12,4,4,1566,1566,1566,2,4,7,0,2,2,750,262500
241,5,75,23,3,3,686,866,866,1,4,4,0,0,0,0,110500
242,5,120,70,3,3,540,889,1440,1,3,6,0,1,1,352,79000
243,6,40,40,3,4,626,626,1217,1,3,6,3,2,1,288,120000
244,7,26,18,4,4,948,1222,2110,2,4,8,2,2,2,463,205000
245,7,32,32,3,4,1845,1872,1872,2,3,6,3,3,2,604,241500
246,6,110,70,3,2,1020,908,1928,2,2,9,0,1,1,440,137000
247,6,66,66,3,3,1367,1375,1375,1,3,5,3,1,2,451,140000
248,7,17,17,4,4,840,840,1668,2,4,8,0,2,2,500,180000
249,6,62,14,4,4,1444,1444,2144,2,4,7,3,3,2,389,277000
250,3,80,54,3,3,728,1306,1306,1,2,6,0,0,0,0,76500
251,8,14,13,4,4,1573,1625,1625,2,4,5,4,3,2,538,235000
252,6,16,16,4,4,798,798,1640,2,4,6,0,2,2,520,173000
253,6,56,29,3,4,1302,1302,1302,2,4,7,0,2,1,309,158000
254,5,63,63,3,3,1314,1314,1314,1,3,5,0,2,1,294,145000
255,7,21,21,4,4,975,1005,2291,2,4,8,3,3,2,429,230000
256,6,17,17,4,4,864,864,1728,2,4,7,0,2,2,673,207500
257,7,14,14,4,4,1604,1604,1604,2,4,8,4,2,2,660,220000
258,7,19,19,4,4,963,963,1792,2,4,7,3,2,2,564,231500
259,5,64,64,3,0,0,882,882,1,3,4,0,1,1,308,97000
260,6,58,58,3,3,1362,1382,1382,1,3,6,3,1,2,884,176000
261,8,13,13,4,5,1482,1482,2574,2,5,10,4,3,3,868,276000
262,6,43,25,3,4,506,1212,1212,1,3,6,3,1,2,492,151000
263,5,91,19,3,3,926,926,1316,1,3,6,0,1,2,484,130000
264,5,95,16,3,2,680,764,764,1,3,4,0,1,2,504,73000
265,6,39,39,3,4,1422,1422,1422,2,4,7,3,3,2,576,175500
266,6,23,23,3,4,802,802,1511,2,3,8,3,3,2,413,185000
267,5,81,23,3,3,720,1052,2192,2,4,8,4,1,1,240,179500
268,5,80,65,3,3,740,778,778,1,3,4,4,3,1,924,120500
269,6,44,44,3,3,1143,1113,1113,1,3,6,2,2,1,504,148000
270,8,14,14,4,4,1095,1095,1939,2,4,8,4,2,3,1053,266000
271,7,66,15,3,4,1385,1363,1363,1,3,5,3,1,2,439,241500
272,8,21,13,4,4,1152,1164,2270,2,4,9,4,3,3,671,290000
273,6,62,32,3,3,1240,1632,1632,2,3,6,4,2,1,338,139000
274,5,38,38,3,3,816,816,816,1,3,5,0,1,1,264,124500
275,7,95,13,4,3,952,952,1548,2,5,5,0,1,2,672,205000
276,7,17,17,4,5,1560,1560,1560,2,4,7,0,3,2,573,201000
277,4,69,69,3,3,864,864,864,1,3,4,0,1,2,400,141000
278,9,14,13,5,5,2121,2121,2121,2,5,8,5,3,3,732,415298
279,7,43,43,3,4,1160,1156,2022,2,3,8,3,3,2,505,192000
280,7,31,31,4,4,807,1175,1982,2,4,7,3,3,2,575,228500
281,6,14,14,4,4,1262,1262,1262,2,4,5,0,3,2,572,185000
282,7,13,12,4,4,1314,1314,1314,2,4,6,4,2,2,626,207500
283,8,12,11,4,4,1468,1468,1468,2,4,6,4,3,3,898,244600
284,6,28,28,4,4,1575,1575,1575,2,4,5,0,2,2,529,179200
285,7,14,13,4,4,625,625,1250,2,4,5,0,2,2,528,164700
286,6,58,39,3,3,912,1085,1734,1,4,7,4,2,2,440,159000
287,4,49,49,3,3,858,858,858,1,3,5,0,0,0,0,88000
288,5,53,53,3,3,882,900,900,1,3,5,0,1,1,280,122000
289,6,105,17,3,3,698,698,1396,1,3,7,0,1,1,384,153575
290,8,14,14,4,4,1079,1079,1919,2,4,8,4,2,2,685,233230
291,5,108,20,3,3,780,936,1716,2,2,9,0,0,0,0,135900
292,5,71,12,3,3,768,1148,1716,1,3,8,4,1,1,281,131000
293,7,43,26,3,3,795,1468,2263,2,4,9,3,3,2,539,235000
294,6,67,67,3,3,1416,1644,1644,1,3,7,4,3,2,418,167000
295,6,36,36,3,3,1003,1003,1003,1,3,6,0,1,2,588,142500
296,5,70,70,3,3,910,910,1558,1,3,6,0,1,1,282,152000
297,7,23,22,4,4,975,975,1950,2,4,7,3,2,2,576,239000
298,6,52,52,4,3,702,1041,1743,1,3,7,4,1,2,539,175000
299,6,70,16,3,3,1092,1152,1152,1,4,6,4,1,1,300,158500
300,5,67,67,3,3,1165,1336,1336,1,3,5,4,1,1,375,157000
301,8,22,21,4,4,1028,1210,2452,2,4,9,3,3,2,683,267000
302,7,19,18,4,4,1541,1541,1541,2,4,6,3,2,3,843,205000
303,5,48,48,3,3,894,894,894,1,3,5,0,1,2,552,149900
304,7,140,18,3,3,1470,1675,3493,3,4,10,5,1,3,870,295000
305,8,16,15,4,4,2000,2000,2000,2,4,8,0,3,3,888,305900
306,7,30,29,4,4,700,1122,2243,2,4,8,3,2,3,746,225000
307,6,100,70,3,3,319,1035,1406,1,2,6,0,0,0,0,89500
308,4,80,70,3,3,861,861,861,1,3,4,0,1,2,539,82500
309,9,17,16,4,5,1896,1944,1944,2,5,8,5,3,3,708,360000
310,6,27,26,3,4,697,697,1501,2,4,6,3,3,2,420,165600
311,6,72,18,3,3,972,972,972,1,3,5,4,1,1,240,132000
312,5,81,70,3,4,793,793,1118,1,3,5,4,1,2,410,119900
313,7,55,55,3,4,2136,2036,2036,2,3,8,4,2,2,513,375000
314,7,95,30,3,3,728,832,1641,1,5,6,4,1,2,546,178000
315,7,16,15,4,4,716,716,1432,2,4,6,4,3,2,432,188500
316,7,40,40,4,4,845,1153,2353,2,5,10,3,2,2,484,260000
317,8,14,14,4,4,1088,1088,1959,2,4,8,4,2,3,1025,270000
318,7,27,27,4,4,1347,1372,2646,2,4,9,3,2,3,656,260000
319,7,40,40,3,4,1372,1472,1472,2,3,6,3,1,2,588,187500
320,9,14,14,3,5,1249,1249,2596,3,4,9,0,2,3,840,342643
321,8,16,16,4,5,1136,1136,2468,2,4,10,4,3,3,872,354000
322,7,34,33,4,3,1502,1553,2730,2,4,8,3,3,2,576,301000
323,3,65,15,3,3,1162,1163,1163,1,3,6,0,1,1,220,126175
324,7,53,13,4,4,710,1898,2978,2,4,11,4,3,2,564,242000
325,5,79,70,3,3,720,803,803,1,3,5,0,1,2,360,87000
326,8,27,27,4,4,1719,1719,1719,1,4,6,4,3,2,473,324000
327,6,60,60,3,3,1383,1383,1383,1,3,7,0,2,1,292,145250
328,6,104,26,3,3,844,1445,2134,2,4,10,0,1,2,441,214500
329,5,100,70,3,3,596,596,1192,1,3,6,0,1,1,189,78000
330,5,56,56,3,3,1728,1728,1728,2,3,10,0,1,1,352,119000
331,5,62,28,3,3,1056,1056,1056,1,3,6,0,2,1,308,139000
332,8,17,16,4,4,3206,1629,1629,2,4,7,4,2,3,880,284000
333,7,16,16,4,4,1358,1358,1358,2,4,6,4,2,2,484,207000
334,6,22,22,3,4,943,943,1638,2,3,7,3,3,2,472,192000
335,5,55,55,3,3,1499,1619,1786,2,3,7,4,3,2,529,228950
336,9,15,14,4,5,1922,1922,1922,2,4,8,4,3,3,676,377426
337,7,18,17,4,4,1536,1536,1536,2,4,7,0,2,2,532,214000
338,7,36,22,4,4,1208,1621,1621,2,4,8,0,2,2,440,202500
339,6,62,22,3,3,1215,1215,1215,1,3,6,0,1,1,297,155000
340,8,18,18,4,4,967,993,1908,2,4,9,0,3,2,431,202900
341,4,70,70,2,3,721,841,841,1,3,4,0,1,1,294,82000
342,3,71,70,3,0,0,1040,1040,2,3,6,0,1,2,400,87500
343,9,15,15,5,5,1684,1684,1684,2,5,6,5,2,2,564,266000
344,5,44,44,3,4,536,536,1112,1,3,4,0,1,1,336,85000
345,6,81,70,3,3,972,972,1577,1,2,6,4,1,1,312,140200
346,6,60,22,3,3,958,958,958,1,3,5,0,2,1,301,151500
347,6,60,60,3,3,1478,1478,1478,2,3,6,4,1,2,498,157500
348,7,17,16,4,4,764,764,1626,2,4,6,0,2,2,474,154000
349,9,15,14,5,5,1848,1848,2728,2,5,10,5,3,3,706,437154
350,9,13,13,5,5,1869,1869,1869,2,5,6,4,2,2,617,318061
351,7,34,34,3,4,1453,1453,1453,1,4,6,3,2,2,445,190000
352,5,79,70,3,3,616,616,1111,1,3,5,0,1,1,200,95000
353,6,92,17,3,3,624,720,720,1,3,5,0,1,2,484,105900
354,6,80,20,3,3,940,1192,1595,1,3,6,4,1,1,240,140000
355,6,25,25,4,4,1200,1200,1200,2,4,6,0,2,2,521,177500
356,6,28,28,3,4,1158,1167,1167,2,4,6,0,2,2,400,173000
357,5,44,44,3,4,1142,1142,1142,1,3,6,1,3,2,528,134000
358,5,62,62,3,3,1062,1352,1352,1,4,6,0,1,1,288,130000
359,8,22,22,4,4,1086,1086,1924,2,4,7,3,2,2,592,280000
360,6,42,42,3,4,888,912,912,1,3,5,3,2,2,470,156000
361,5,80,38,3,3,883,988,1505,1,3,8,0,1,1,240,145000
362,7,17,17,4,0,0,495,1922,3,4,7,5,2,2,672,198500
363,6,48,13,3,3,483,483,987,1,4,5,0,1,1,264,118000
364,6,44,44,3,4,796,790,1574,2,3,6,3,3,2,566,190000
365,5,100,23,3,3,672,672,1344,1,3,6,0,1,1,468,147000
366,6,57,57,3,4,1394,1394,1394,1,3,6,4,2,2,514,159000
367,6,58,58,3,4,1099,1431,1431,1,3,6,4,2,1,296,165000
368,5,66,66,3,3,1268,1268,1268,1,3,7,4,3,1,244,132000
369,5,61,14,3,3,1063,1287,1287,1,4,7,4,3,2,576,162000
370,6,20,20,3,4,953,953,1664,2,3,7,3,2,2,460,172400
371,4,61,61,3,0,0,1120,1588,2,3,7,4,3,2,680,134432
372,6,36,36,3,4,744,752,752,1,3,4,0,1,1,264,125000
373,5,67,67,3,3,608,1319,1319,1,3,5,0,1,1,270,123000
374,7,17,16,4,4,847,847,1928,2,4,8,4,3,2,434,219500
375,1,98,70,2,2,683,904,904,0,2,4,0,0,0,0,61000
376,5,24,24,4,4,870,914,914,1,3,5,0,1,2,576,148000
377,8,16,15,4,4,1580,1580,2466,3,4,8,4,2,2,610,340000
378,9,10,10,4,5,1856,1856,1856,1,5,8,5,3,3,834,394432
379,6,20,20,3,4,982,1007,1800,2,3,7,3,3,2,463,179000
380,5,96,70,3,3,1026,1026,1691,2,4,6,4,1,1,308,127000
381,7,14,14,4,4,1293,1301,1301,2,4,5,4,2,2,572,187750
382,7,14,14,4,4,939,939,1797,2,4,8,0,2,2,639,213500
383,6,92,70,3,2,784,784,784,1,3,5,0,1,2,360,76000
384,6,28,28,4,4,1580,1079,1953,2,4,9,2,3,2,501,240000
385,8,16,15,4,4,1256,1269,1269,2,4,6,3,3,2,430,192000
386,5,110,24,3,3,658,658,1184,1,3,8,0,0,0,0,81000
387,6,44,44,3,3,1041,1125,1125,1,3,6,2,1,1,352,125000
388,7,21,20,4,4,1468,1479,1479,2,4,6,0,2,2,577,191000
389,10,13,12,5,5,1682,1742,2332,2,5,9,5,3,3,846,426000
390,5,120,70,3,3,861,961,1367,1,3,7,0,1,1,384,119000
391,6,19,18,3,5,804,804,1961,2,4,7,3,3,2,560,215000
392,5,61,61,3,0,0,882,882,1,3,5,0,2,1,294,106500
393,4,79,70,3,3,788,788,788,1,3,4,3,0,0,0,100000
394,5,80,70,3,3,735,735,1034,1,3,5,0,1,1,240,109000
395,5,64,64,3,3,1144,1144,1144,1,3,6,0,1,1,596,129000
396,5,48,48,3,3,894,894,894,1,3,6,0,2,2,600,123000
397,5,58,58,3,3,864,876,1812,2,3,8,3,2,1,264,169500
398,5,100,70,3,2,961,1077,1077,1,3,6,0,1,1,338,67000
399,7,14,13,4,4,1092,1112,1550,2,4,7,0,3,2,438,241000
400,8,24,24,4,4,1260,1288,1288,1,5,4,4,3,2,500,245500
401,7,15,15,4,4,1310,1310,1310,2,4,6,4,3,2,400,164990
402,5,80,23,3,3,672,672,672,1,3,4,0,1,1,240,108000
403,8,22,22,4,4,1141,1165,2263,2,4,10,3,3,2,420,258000
404,6,25,24,3,4,806,806,1572,2,3,7,3,3,2,373,168000
405,4,44,27,3,3,1281,1620,1620,2,3,8,3,1,2,490,150000
406,6,84,70,3,3,1064,1166,1639,1,3,6,0,1,1,240,115000
407,6,105,44,3,4,840,840,1680,2,3,8,0,1,1,308,177000
408,7,14,14,4,5,1063,1071,2172,2,4,9,4,2,3,947,280000
409,8,13,12,4,5,1034,1050,2078,2,5,8,4,3,3,836,339750
410,5,62,62,3,3,1276,1276,1276,1,3,5,0,1,1,350,60000
411,5,65,65,3,3,1056,1056,1056,1,3,5,0,3,2,572,145000
412,7,11,11,5,5,1470,1478,1478,2,4,7,4,3,2,484,222000
413,5,93,70,3,3,1008,1028,1028,1,3,5,4,1,2,360,115000
414,7,27,27,4,4,1080,1080,2097,2,4,9,3,1,3,678,228000
415,7,13,13,4,4,1340,1340,1340,2,4,6,0,3,2,396,181134
416,6,42,42,3,3,672,672,1400,1,3,6,3,3,2,440,149500
417,6,102,70,3,4,1370,1370,2624,2,3,10,4,1,3,864,239000
418,5,80,70,3,3,756,756,1134,1,3,7,0,1,1,240,126000
419,5,52,52,3,3,1056,1056,1056,1,3,6,2,1,1,304,142000
420,7,23,22,3,4,1344,1344,1344,2,3,8,0,3,4,784,206300
421,6,43,20,4,4,1602,1602,1602,2,4,8,3,3,2,529,215000
422,5,66,66,3,3,988,988,988,1,3,4,0,2,2,520,113000
423,8,22,22,4,4,1470,1470,2630,2,4,8,3,3,3,696,315000
424,6,64,64,3,4,1196,1196,1196,1,3,6,4,2,1,297,139000
425,7,74,28,3,3,651,707,1389,1,3,6,4,1,1,240,135000
426,7,31,31,4,4,1518,1644,1644,2,4,5,3,3,2,569,275000
427,4,63,63,3,3,907,907,907,1,3,5,0,1,1,352,109008
428,7,13,13,4,4,1208,1208,1208,2,4,6,0,2,2,628,195400
429,6,32,32,3,4,1392,1412,1412,2,4,6,3,1,2,576,175000
430,6,49,49,3,3,483,483,987,1,3,4,0,1,1,264,85400
431,6,100,22,3,3,901,1088,1198,1,3,7,0,0,0,0,79900
432,5,49,49,3,3,765,765,1365,1,3,6,0,1,2,440,122500
433,6,23,22,3,4,926,926,1604,2,3,7,3,3,2,470,181000
434,4,48,48,3,4,630,630,630,1,3,3,0,0,0,0,81000
435,7,24,24,4,4,799,827,1661,2,4,6,3,2,2,550,212000
436,6,100,70,3,2,648,734,1118,1,3,6,0,1,2,440,116000
437,6,94,16,4,3,884,904,904,1,3,4,0,1,1,180,119000
438,5,107,18,3,3,440,694,694,1,4,4,4,1,1,352,90350
439,6,100,20,3,3,684,684,1196,1,4,7,0,1,2,528,110000
440,10,12,12,5,5,3094,2402,2402,2,5,10,4,3,3,672,555000
441,4,65,65,3,3,1440,1440,1440,2,2,8,0,0,0,0,118000
442,5,90,28,3,3,1078,1128,1573,2,3,8,4,1,2,360,162900
443,7,14,13,4,5,1258,1258,1258,2,4,6,4,3,3,648,172500
444,7,26,25,4,4,915,933,1908,2,4,8,3,1,2,493,210000
445,6,64,64,3,3,1436,1689,1689,1,3,7,4,1,2,480,127500
446,6,54,18,4,3,1517,1888,1888,2,4,6,4,3,2,578,190000
447,7,22,21,4,4,930,956,1886,2,4,10,3,3,2,431,199900
448,6,83,70,3,3,780,780,1376,2,3,7,4,1,1,198,119500
449,3,72,18,3,3,649,679,1183,1,3,6,0,1,1,308,120000
450,6,90,15,3,3,813,813,813,1,4,5,0,1,1,270,110000
451,7,45,45,3,4,1533,1533,1533,2,4,5,3,1,2,576,280000
452,6,24,23,4,5,872,888,1756,2,3,7,0,3,2,422,204000
453,8,12,12,4,4,768,786,1590,2,4,6,0,2,2,676,210000
454,5,44,44,3,3,1728,1728,1728,2,3,8,0,1,2,560,188000
455,7,47,47,3,3,1242,1242,1242,1,3,6,3,1,2,528,175500
456,5,104,70,3,3,624,624,1344,1,3,7,0,1,3,513,98000
457,4,66,26,3,4,1364,1663,1663,1,4,6,4,3,2,529,256000
458,8,95,24,3,3,588,833,1666,1,4,7,4,1,1,228,161000
459,5,70,70,3,3,709,979,1203,1,4,5,3,1,1,352,110000
460,8,11,11,4,4,832,832,1935,2,3,8,0,3,2,552,263435
461,7,84,13,4,4,560,575,1135,1,4,6,0,2,2,576,155000
462,5,55,55,3,3,864,864,864,1,3,5,1,1,1,360,62383
463,6,86,25,3,3,715,849,1660,1,3,6,4,1,1,240,188700
464,5,42,42,3,4,1040,1040,1040,2,3,5,0,0,0,0,124000
465,7,16,16,4,4,1375,1414,1414,2,4,6,3,3,2,398,178740
466,7,50,50,3,3,1277,1277,1277,1,3,5,1,1,2,526,167000
467,5,78,25,3,3,728,888,1644,1,4,7,4,1,1,312,146500
468,8,14,14,4,4,1626,1634,1634,2,4,7,4,2,3,866,250000
469,6,27,27,4,4,832,832,1710,2,4,7,0,2,2,506,187000
470,8,35,35,4,4,1488,1502,1502,1,4,4,0,2,2,528,212000
471,7,43,43,3,4,808,1161,1969,2,3,8,4,2,2,534,190000
472,6,15,15,3,4,547,1072,1072,1,3,5,0,2,2,525,148000
473,8,14,13,4,5,1976,1976,1976,2,4,7,5,2,3,908,440000
474,8,20,20,4,4,1494,1652,1652,2,5,6,0,2,2,499,251000
475,5,57,57,3,3,970,970,970,1,3,5,0,1,2,624,132500
476,6,23,22,3,4,1478,1493,1493,2,4,7,3,3,2,508,208900
477,9,14,14,5,4,2153,2069,2643,2,5,9,4,3,3,694,380000
478,8,13,12,4,5,1705,1718,1718,2,4,7,4,2,3,826,297000
479,4,83,20,3,2,907,1131,1131,1,3,7,0,1,2,672,89471
480,9,16,15,4,5,1833,1850,1850,2,4,8,4,3,3,772,326000
481,9,17,16,4,5,1792,1792,1792,2,5,6,4,3,3,874,374000
482,7,105,15,4,3,910,916,1826,1,5,7,4,1,1,164,155000
483,6,22,22,3,5,1216,1216,1216,2,3,5,0,1,2,402,164000
484,5,58,19,3,3,999,999,999,1,4,6,0,1,1,264,132500
485,5,70,13,4,3,1113,1113,1113,1,4,5,4,1,1,264,147000
486,5,55,55,3,3,1073,1073,1073,1,3,6,0,2,2,515,156000
487,5,49,49,3,4,1484,1484,1484,2,3,7,3,1,2,487,175000
488,5,120,50,3,3,954,1766,2414,2,3,10,4,1,2,520,160000
489,4,50,18,3,4,630,630,630,1,4,3,0,1,1,286,86000
490,5,44,44,3,4,264,616,1304,1,3,4,4,3,1,336,115000
491,6,79,70,3,3,806,958,1578,1,2,5,3,1,1,240,133000
492,6,14,14,4,4,728,728,1456,2,3,8,0,2,2,429,172785
493,5,60,60,3,3,1269,1269,1269,1,3,6,2,1,1,308,155000
494,5,82,24,3,2,190,886,886,1,3,4,0,1,1,273,91300
495,4,100,70,3,3,720,720,720,1,3,4,0,0,0,0,34900
496,8,28,27,4,4,3200,3228,3228,3,4,10,4,2,2,546,430000
497,7,95,70,3,3,1026,1133,1820,2,3,8,0,1,1,240,184000
498,5,53,16,3,3,864,899,899,1,4,5,0,3,1,288,130000
499,5,62,35,3,3,912,912,912,1,3,5,0,3,1,297,120000
500,6,47,47,3,3,672,672,1218,1,3,7,0,1,1,264,113000
501,7,15,15,4,4,866,866,1768,2,4,7,0,2,2,603,226700
502,5,55,55,3,3,1214,1214,1214,1,3,6,0,1,2,461,140000
503,7,61,23,3,3,1501,1801,1801,2,3,6,3,3,2,484,289000
504,6,46,46,3,3,855,855,1322,2,3,6,2,1,2,440,147000
505,5,68,68,3,3,960,960,1960,2,3,10,0,1,2,400,124500
506,8,27,26,4,4,777,1065,1911,2,4,8,3,2,2,471,215000
507,6,11,11,4,4,1218,1218,1218,2,4,4,0,3,2,676,208300
508,7,92,15,3,3,689,689,1378,2,4,7,4,1,2,360,161000
509,5,61,61,3,3,1041,1041,1041,1,3,6,0,2,1,270,124500
510,5,69,20,4,3,1008,1363,1363,1,3,6,3,1,1,288,164900
511,7,15,14,4,4,1368,1368,1368,2,4,6,4,2,2,474,202665
512,5,62,62,3,3,864,864,864,1,3,5,0,1,2,624,129900
513,6,37,37,3,3,1084,1080,1080,1,3,5,0,1,2,484,134000
514,5,94,70,3,3,768,789,789,1,3,5,0,1,1,200,96500
515,10,11,11,5,5,2006,2020,2020,2,5,9,4,3,3,900,402861
516,6,48,48,3,3,689,1378,2119,2,3,7,3,2,2,583,158000
517,7,24,23,4,4,1264,1277,2344,2,4,7,3,2,3,889,265000
518,6,22,22,3,4,794,882,1796,2,3,7,0,2,2,546,211000
519,7,94,16,4,4,1276,1276,2080,1,4,9,4,1,1,282,234000
520,4,120,20,3,0,0,694,1294,2,3,7,0,0,0,0,106250
521,6,63,63,3,3,1244,1244,1244,1,3,6,4,1,1,336,150000
522,6,73,70,3,3,1004,1004,1664,2,3,7,4,1,2,420,159000
523,10,13,12,5,5,3138,3138,4676,3,5,11,4,3,3,884,184750
524,7,24,23,4,4,1379,1383,2398,2,4,8,3,3,3,834,315750
525,7,15,15,4,4,1257,1266,1266,2,4,6,3,1,2,453,176000
526,5,64,20,3,4,928,928,928,1,3,4,0,1,1,252,132000
527,9,12,12,5,5,1452,1476,2713,2,5,11,4,3,3,858,446261
528,4,100,18,3,3,528,605,605,1,3,5,0,0,0,0,86000
529,6,63,45,4,3,2035,2515,2515,3,3,9,3,2,2,484,200624
530,6,32,31,4,4,1461,1509,1509,2,4,5,2,2,2,600,175000
531,6,100,21,3,2,611,751,1362,2,3,6,0,3,2,502,128000
532,5,65,13,3,0,0,827,827,1,3,5,1,1,1,392,107500
533,1,74,70,2,0,0,334,334,1,2,2,0,0,0,0,39300
534,8,16,16,4,5,707,707,1414,2,4,6,4,3,2,403,178000
535,5,110,29,3,4,1117,820,1347,1,3,5,0,0,0,0,107500
536,7,22,21,3,4,880,880,1724,2,4,8,0,3,2,527,188000
537,4,48,48,3,3,864,864,864,1,3,5,0,1,2,576,111250
538,5,52,52,3,3,1051,1159,1159,1,3,7,2,1,1,336,158000
539,8,19,18,4,4,1581,1601,1601,2,4,6,3,2,2,670,272000
540,9,14,14,5,5,1838,1838,1838,2,5,8,4,3,3,765,315000
541,8,20,20,4,4,969,997,2285,2,4,8,3,3,3,648,248000
542,7,22,21,4,5,1650,1680,1680,2,4,7,3,3,2,583,213250
543,7,22,22,3,4,723,767,767,1,3,4,0,3,1,367,133000
544,7,14,14,4,4,654,664,1496,2,4,7,4,2,2,426,179665
545,7,32,32,4,4,1204,1377,2183,2,4,9,0,1,3,786,229000
546,6,97,70,3,4,1065,915,1635,1,3,6,4,1,2,440,210000
547,5,50,50,3,4,768,768,768,1,3,5,0,1,2,624,129500
548,5,65,25,3,3,825,825,825,1,3,4,0,2,2,720,125000
549,7,17,16,4,4,912,912,2094,2,4,8,4,3,2,615,263000
550,6,43,43,3,4,1069,1069,1069,2,3,4,0,2,2,440,140000
551,5,63,63,3,3,928,928,928,1,3,5,0,3,1,288,112500
552,8,14,14,4,5,1709,1717,1717,2,4,7,4,2,3,908,255500
553,4,71,17,3,0,0,1126,1126,2,4,5,0,3,2,520,108000
554,7,17,16,4,4,998,1006,2046,2,4,8,4,2,3,871,284000
555,5,98,70,3,3,993,1048,1048,1,3,5,4,1,1,280,113000
556,5,63,63,3,3,1092,1092,1092,1,3,6,3,3,1,299,141000
557,4,100,70,3,3,637,897,1336,1,3,7,0,1,1,570,108000
558,7,24,23,3,4,729,729,1446,2,3,6,3,1,2,406,175000
559,7,17,16,4,4,1374,1557,1557,2,4,7,3,3,2,420,234000
560,5,63,24,3,4,1392,1392,1392,1,3,5,4,1,2,528,121500
561,5,46,45,3,4,1389,1389,1389,1,3,6,3,2,2,418,170000
562,5,80,51,3,3,996,996,996,1,3,6,4,0,0,0,108000
563,6,102,70,3,4,1163,1163,1674,2,3,8,4,3,2,396,185000
564,7,28,20,4,4,1095,1166,2295,2,4,9,3,2,2,590,268000
565,6,105,70,3,4,806,841,1647,1,2,6,0,1,1,216,128000
566,9,15,13,4,4,1122,1134,2504,2,5,11,4,3,3,656,325000
567,7,16,16,4,4,1517,1535,1535,2,4,7,0,2,2,532,214000
568,8,37,11,4,4,1496,1496,2132,1,4,5,4,3,2,612,316600
569,5,41,41,3,4,943,943,943,1,3,4,3,1,2,600,135960
570,5,55,55,3,3,1728,1728,1728,2,3,10,0,1,2,576,142600
571,6,61,61,3,3,864,864,864,1,4,4,0,1,1,288,120000
572,7,11,11,3,5,846,846,1692,2,4,6,0,2,2,650,224500
573,7,20,20,3,4,384,774,1430,2,3,8,3,2,2,400,170000
574,5,49,15,3,3,372,576,1109,1,3,5,0,1,1,288,139000
575,5,73,70,3,3,832,832,1216,1,3,6,0,1,1,336,118500
576,7,92,70,3,3,861,877,1477,2,3,6,4,1,1,216,145000
577,5,54,54,3,3,1164,1320,1320,1,3,6,2,2,2,564,164500
578,7,13,13,4,4,689,703,1392,2,4,5,0,1,2,540,146000
579,5,66,66,3,3,1050,1050,1795,2,3,7,0,1,1,352,131500
580,6,60,33,3,3,1144,1429,1429,1,4,7,4,1,2,572,181900
581,8,12,11,5,5,2042,2042,2042,2,5,8,4,2,3,1390,253293
582,6,30,30,3,4,816,816,816,1,3,5,0,0,0,0,118500
583,10,127,20,5,3,1237,1521,2775,3,4,9,4,1,2,880,325000
584,4,85,25,3,3,884,989,1573,1,4,6,0,1,1,240,133000
585,8,15,14,4,5,1868,2028,2028,2,4,7,4,2,3,880,369900
586,6,102,20,3,3,816,838,838,1,2,5,0,3,1,275,130000
587,5,38,38,3,3,840,860,860,1,3,4,0,1,2,528,137000
588,5,52,17,3,3,1437,1473,1473,1,5,5,4,1,1,452,143000
589,5,90,60,3,3,742,779,935,1,3,4,0,1,1,308,79500
590,7,16,16,4,4,770,770,1582,2,4,6,0,2,2,520,185900
591,10,12,12,5,5,1722,1728,2296,2,5,10,4,2,3,842,451950
592,5,38,17,3,3,816,816,816,1,3,4,0,3,2,816,138000
593,6,17,17,4,4,848,848,848,1,4,4,0,3,2,420,140000
594,5,45,45,3,4,924,924,924,1,3,5,0,1,1,280,110000
595,8,15,14,4,4,1814,1826,1826,2,4,7,3,3,3,758,319000
596,6,110,27,3,3,684,684,1368,1,3,7,0,1,1,216,114504
597,7,14,13,4,5,1258,1402,1402,0,4,7,4,3,3,648,194201
598,5,43,43,3,4,1430,1647,1647,2,4,7,3,3,2,621,217500
599,6,40,40,3,4,716,716,1556,2,3,6,3,3,2,452,151000
600,8,15,15,4,4,1058,1058,1904,2,5,8,4,3,2,736,275000
601,6,83,70,3,3,780,780,1375,1,4,6,4,1,1,544,141000
602,8,28,28,4,4,908,927,1915,2,4,8,3,3,2,506,220000
603,7,16,15,4,4,600,600,1200,2,4,4,0,2,2,480,151000
604,7,18,18,4,4,1494,1494,1494,2,4,6,3,2,2,530,221000
605,7,55,30,3,3,768,1186,1986,2,3,7,2,1,2,486,205000
606,5,24,24,3,4,1040,1040,1040,1,4,6,0,1,2,576,152000
607,5,72,18,3,3,896,1112,2008,3,5,8,0,1,1,230,225000
608,8,86,22,3,4,965,1940,3194,2,3,10,4,1,2,380,359100
609,4,59,59,3,3,1029,1029,1029,1,3,5,0,1,1,261,118500
610,9,20,20,4,5,1440,1476,2153,2,5,8,5,3,3,736,313000
611,6,42,42,3,4,1032,1032,1032,2,3,6,3,1,2,564,148000
612,8,19,19,4,4,1299,1299,1872,2,5,7,3,2,2,531,261500
613,5,13,13,3,4,1120,1120,1120,1,3,6,0,0,0,0,147000
614,4,48,48,3,4,630,630,630,1,3,3,0,0,0,0,75500
615,6,57,57,3,3,936,1054,1054,1,4,6,0,2,2,480,137500
616,6,18,17,4,4,783,807,1509,2,4,7,4,3,2,393,183200
617,6,66,66,3,3,832,832,832,1,4,4,0,1,2,528,105500
618,9,13,13,5,5,1822,1828,1828,2,4,9,4,1,3,774,314813
619,8,17,17,4,4,1482,1482,2262,2,4,10,4,3,3,749,305000
620,3,106,70,3,3,864,864,864,1,3,5,0,0,0,0,67000
621,6,46,23,3,3,1522,1548,2614,2,3,9,3,2,2,624,240000
622,5,43,43,3,3,980,980,980,1,3,6,0,1,2,484,135000
623,6,20,20,4,4,756,756,1512,2,4,4,3,1,2,440,168500
624,6,48,48,3,3,732,1012,1790,1,3,8,3,2,2,484,165150
625,6,58,58,3,3,1116,1116,1116,1,3,5,0,1,2,440,160000
626,5,60,42,3,3,978,1422,1422,1,3,6,3,2,1,286,139900
627,6,65,48,3,3,1156,1520,1520,1,3,7,4,2,1,364,153000
628,5,51,51,3,4,1040,1040,2080,1,2,9,3,1,2,504,135000
629,6,56,56,3,3,1248,1350,1350,1,3,6,0,2,2,520,168500
630,5,140,29,3,2,636,1089,1750,1,5,8,0,1,1,240,124000
631,8,14,14,4,4,1554,1554,1554,2,4,6,4,2,2,627,209500
632,7,43,43,3,3,1386,1411,1411,2,3,6,3,3,2,544,82500
633,5,66,15,3,3,1056,1056,1056,1,3,6,0,1,1,260,139400
634,6,40,40,3,3,1056,1056,1056,0,3,4,0,1,2,576,144000
635,6,106,25,2,3,1440,1440,3395,2,2,14,0,0,0,0,200000
636,2,84,70,2,3,264,800,800,1,2,4,1,0,0,0,60000
637,5,66,66,3,3,811,811,1387,2,4,7,0,1,1,256,93000
638,5,110,70,3,2,796,796,796,1,3,4,0,0,0,0,85000
639,8,14,14,4,4,1520,1567,1567,2,5,7,4,3,3,648,264561
640,8,17,16,5,5,1518,1518,1518,1,5,6,4,2,2,588,274000
641,7,19,19,4,4,1057,1057,1929,2,4,7,3,3,2,650,226000
642,8,48,25,4,4,1952,2000,2704,2,5,9,3,3,2,538,345000
643,5,51,51,3,3,780,780,1620,2,3,7,0,3,2,462,152000
644,9,11,11,5,5,1766,1766,1766,2,5,7,4,3,3,478,370878
645,6,49,49,3,3,981,981,981,1,3,5,0,1,2,576,143250
646,5,70,70,3,0,0,1048,1048,1,3,7,0,1,2,420,98300
647,6,67,67,3,3,1094,1094,1094,1,3,5,4,2,2,495,155000
648,6,54,54,3,3,756,1051,1839,1,3,7,3,1,2,442,155000
649,4,50,50,3,4,630,630,630,1,3,3,0,0,0,0,84500
650,7,13,13,4,4,813,822,1665,2,4,7,0,2,2,562,205950
651,4,80,70,3,3,755,755,1510,1,3,7,4,1,1,296,108000
652,7,24,24,4,4,880,909,1716,2,4,7,3,2,2,512,191000
653,6,114,25,3,3,756,756,1469,1,3,7,0,1,1,216,135000
654,8,25,25,4,4,2109,2113,2113,2,4,7,3,3,3,839,350000
655,6,49,49,3,3,525,525,1092,1,3,6,0,1,1,264,88000
656,5,61,14,4,3,1053,1053,1053,1,4,5,0,2,1,312,145500
657,7,89,20,3,4,776,851,1502,1,3,6,4,2,1,270,149000
658,6,72,70,3,3,912,912,1458,1,3,6,4,1,1,330,97500
659,5,56,21,3,3,1486,1486,1486,1,3,7,0,3,2,480,167000
660,7,44,44,3,4,793,1142,1935,2,3,7,3,2,2,550,197900
661,8,26,15,4,4,1629,1686,2448,2,4,8,3,2,3,711,402000
662,6,52,52,3,2,1392,1392,1392,1,3,5,3,2,2,576,110000
663,4,48,48,3,4,1138,1181,1181,2,3,6,0,2,2,588,137500
664,8,15,14,4,5,2077,2097,2097,1,5,8,5,3,3,1134,423000
665,8,20,20,4,4,1406,1454,1936,2,4,7,3,2,2,504,230500
666,6,55,41,3,4,1021,1465,2380,2,3,7,1,1,2,596,129000
667,6,26,22,3,4,1408,1679,1679,2,4,7,2,2,2,575,193500
668,5,64,33,3,3,1188,1437,1437,1,3,6,3,1,2,576,168000
669,4,98,70,3,2,700,1180,1180,1,2,5,4,1,1,252,137500
670,6,15,15,4,4,738,738,1476,2,4,7,0,3,2,540,173500
671,6,95,70,3,3,672,697,1369,2,3,6,0,1,1,300,103600
672,6,43,43,4,4,1208,1208,1208,1,3,6,3,2,2,546,165000
673,6,63,16,3,3,1477,1839,1839,2,4,7,3,3,2,416,257500
674,6,55,55,3,3,1136,1136,1136,1,3,5,4,2,1,384,140000
675,6,42,42,3,3,855,855,1441,2,3,7,3,1,2,440,148500
676,4,120,70,3,3,1095,1095,1774,2,3,8,0,1,3,779,87000
677,5,96,14,4,3,768,792,792,1,4,5,0,1,1,240,109500
678,8,12,12,4,5,2046,2046,2046,2,4,7,4,3,3,834,372500
679,5,59,59,3,3,988,988,988,1,3,5,0,1,2,572,128500
680,6,40,40,3,4,923,923,923,2,3,5,3,2,1,264,143000
681,5,88,20,3,3,793,848,1520,1,3,6,0,1,1,281,159434
682,6,24,23,3,4,1291,1291,1291,1,4,6,4,1,2,431,173000
683,9,18,18,4,4,1626,1668,1668,2,4,7,3,3,3,702,285000
684,7,22,22,4,4,1195,1195,1839,2,3,7,0,3,2,486,221000
685,7,36,36,4,4,1190,1190,2090,2,4,6,3,3,2,577,207500
686,7,13,13,4,4,874,874,1761,3,4,7,0,3,2,578,227875
687,7,16,16,4,4,551,551,1102,2,4,4,0,1,2,480,148800
688,8,13,13,4,4,1419,1419,1419,2,4,7,4,2,2,567,392000
689,6,15,14,4,4,1362,1362,1362,2,4,6,4,2,2,460,194700
690,6,16,16,4,4,848,848,848,1,4,3,3,2,2,420,141000
691,10,26,25,5,5,2444,2444,4316,3,5,10,5,3,3,832,755000
692,7,31,30,4,4,1210,1238,2519,2,4,9,4,2,2,628,335000
693,5,99,52,3,3,1073,1073,1073,1,3,4,0,1,1,326,108480
694,5,84,70,3,3,927,1067,1539,1,3,5,0,1,2,576,141500
695,6,33,33,3,4,1112,1137,1137,2,4,5,3,1,2,551,176000
696,5,99,70,3,3,616,616,616,1,3,4,0,1,1,205,89000
697,5,68,68,3,5,980,1148,1148,1,3,6,0,1,1,308,123500
698,5,55,11,3,3,894,894,894,1,3,5,4,1,1,336,138500
699,7,16,16,4,4,1391,1391,1391,2,4,5,0,2,2,530,196000
700,8,18,18,4,5,1800,1800,1800,2,4,7,4,3,3,765,312500
701,7,51,51,3,3,1164,1164,1164,1,3,6,0,1,2,528,140000
702,8,14,14,5,5,1234,1264,2576,2,5,10,4,3,3,666,361919
703,5,120,24,3,4,360,1032,1812,2,4,8,1,1,2,672,140000
704,7,16,15,4,4,1473,1484,1484,2,4,7,0,2,2,606,213000
705,4,90,70,2,0,0,372,1092,2,2,7,0,0,0,0,55000
706,7,49,18,3,4,1643,1824,1824,2,4,5,3,1,2,739,302000
707,8,14,14,4,4,1324,1324,1324,2,4,6,4,3,2,550,254000
708,7,13,13,4,4,728,728,1456,2,4,8,4,3,2,400,179540
709,5,54,54,3,3,876,904,904,1,3,6,0,1,1,408,109900
710,3,85,17,4,3,270,729,729,1,3,5,0,0,0,0,52000
711,4,120,70,3,3,859,859,1178,1,3,7,0,2,1,384,102776
712,8,32,31,4,4,1228,1228,1228,2,4,5,4,3,2,472,189000
713,4,50,50,3,3,960,960,960,1,3,6,0,1,2,576,129000
714,6,44,15,4,3,725,725,1479,2,4,6,0,2,2,475,130500
715,6,46,46,3,4,1064,1350,1350,2,3,7,3,2,2,478,165000
716,7,130,22,3,3,718,1576,2554,1,3,8,0,1,2,704,159500
717,5,47,20,3,4,1176,1178,1178,1,4,5,2,1,2,439,157000
718,7,27,26,4,4,1311,1325,2418,2,4,9,3,2,3,983,341000
719,5,51,51,3,4,971,971,971,1,3,5,1,1,1,300,128500
720,8,35,35,4,4,1742,1742,1742,2,4,5,3,2,2,564,275000
721,6,16,16,4,4,848,848,848,1,4,3,0,2,2,420,143000
722,4,50,50,3,3,864,864,864,1,3,5,0,1,2,463,124500
723,4,66,48,3,3,941,997,1470,2,3,7,0,1,1,548,135000
724,9,13,12,5,5,1698,1698,1698,2,5,8,4,3,3,768,320000
725,4,50,50,3,3,864,864,864,1,4,5,0,1,2,660,120500
726,6,32,13,4,4,880,1680,1680,2,4,5,4,3,2,540,222000
727,7,13,13,4,4,1232,1232,1232,2,4,6,0,2,2,632,194500
728,5,62,62,3,3,1584,1776,1776,2,3,9,0,1,3,888,110000
729,4,95,70,3,3,780,848,1208,1,3,5,0,1,2,539,103000
730,8,25,24,4,4,1595,1616,1616,2,4,5,3,2,2,608,236500
731,7,17,17,4,5,868,1146,1146,2,4,6,4,3,2,438,187500
732,7,22,21,4,4,1153,1153,2031,2,4,8,3,3,2,541,222500
733,5,59,37,3,3,864,1144,1144,1,3,6,3,2,1,264,131400
734,5,52,52,3,3,948,948,948,1,3,6,0,1,1,300,108000
735,7,106,50,3,4,880,880,1768,1,3,6,3,1,2,320,163000
736,3,70,70,3,0,0,1040,1040,2,3,6,0,1,2,400,93500
737,8,15,15,4,4,893,901,1801,2,4,8,4,3,3,800,239900
738,5,33,32,3,4,1200,1200,1200,3,3,5,0,0,0,0,179000
739,7,16,16,4,4,864,864,1728,2,4,7,0,2,2,572,190000
740,5,110,18,3,2,264,768,1432,2,3,7,0,1,2,360,132000
741,6,59,24,3,3,912,912,912,1,4,5,0,1,1,288,142000
742,7,20,19,3,4,1349,1349,1349,2,3,6,0,1,2,539,179000
743,5,57,21,3,4,520,1464,1464,2,3,6,3,2,2,480,175000
744,8,27,27,4,4,1337,1337,1337,2,4,5,3,2,2,462,180000
745,8,44,24,5,3,1142,1175,2715,3,4,11,3,3,2,831,299800
746,7,20,20,4,4,952,980,2256,2,4,8,3,3,2,554,236000
747,7,140,17,4,3,1240,1320,2640,1,4,8,4,1,4,864,265979
748,7,24,24,4,4,1720,1720,1720,2,4,7,3,3,2,527,260400
749,4,75,70,3,0,0,1088,1529,2,3,9,0,1,1,240,98000
750,4,110,16,3,3,576,792,1140,1,3,7,0,0,0,0,96500
751,7,17,17,4,4,660,660,1320,2,4,6,0,3,2,400,162000
752,6,23,23,3,4,1479,1494,1494,2,4,6,0,2,2,576,217000
753,8,15,15,4,4,1030,1038,2098,2,5,8,4,2,3,878,275500
754,6,51,15,3,3,1026,1026,1026,1,4,5,0,2,2,440,156000
755,6,21,21,3,4,729,742,1471,2,3,6,0,1,2,440,172500
756,8,13,13,4,4,866,866,1768,2,4,7,0,2,2,578,212000
757,6,42,42,3,3,672,672,1386,2,3,6,3,3,2,440,158900
758,7,21,21,3,4,744,757,1501,2,3,6,0,1,2,440,179400
759,8,25,25,4,4,1318,1328,2531,2,4,9,3,2,3,752,290000
760,6,61,61,3,3,864,864,864,1,3,5,0,1,1,300,127500
761,5,96,70,3,3,1145,1301,1301,1,2,5,0,1,2,440,100000
762,7,11,11,3,4,756,764,1547,2,4,7,0,1,2,614,215200
763,8,21,21,4,4,1252,1268,2365,2,4,8,4,2,3,856,337000
764,8,25,24,4,4,1494,1494,1494,1,5,6,4,3,2,481,270000
765,9,12,12,4,4,1498,1506,1506,2,5,6,4,3,2,592,264132
766,7,32,32,3,4,980,980,1714,2,3,7,3,1,2,496,196500
767,6,80,35,3,4,983,983,1750,2,3,7,0,1,1,423,160000
768,7,16,15,4,4,1860,1836,1836,2,4,8,4,3,2,484,216837
769,8,17,17,5,4,1650,1690,3279,3,5,12,4,3,3,841,538000
770,5,38,38,3,4,858,858,858,1,3,5,0,1,2,576,134900
771,4,69,69,3,2,836,1220,1220,1,3,6,0,1,2,396,102000
772,6,44,44,3,3,1029,1117,1117,1,3,6,3,1,2,672,107000
773,5,62,62,3,3,912,912,912,1,3,5,0,2,1,275,114500
774,8,14,14,4,4,1935,1973,1973,2,4,9,4,3,3,895,395000
775,6,22,22,3,5,1204,1204,1204,2,3,5,0,3,2,412,162000
776,7,15,14,4,4,1614,1614,1614,2,4,7,0,2,3,865,221500
777,5,46,46,3,3,864,894,894,1,3,5,2,1,2,440,142500
778,5,43,43,3,0,0,2020,2020,2,3,10,3,1,2,630,144000
779,6,43,43,3,4,975,1004,1004,1,3,4,0,1,2,504,135000
780,7,25,24,3,4,1237,1253,1253,2,3,6,3,3,2,402,176000
781,6,28,28,4,4,761,810,1603,2,4,7,0,2,2,484,175900
782,7,19,18,4,4,1413,1430,1430,2,4,6,0,2,2,605,187100
783,5,42,42,3,4,1097,1110,1110,1,4,4,3,3,2,602,165500
784,6,106,19,3,3,742,742,1484,2,3,9,4,0,0,0,128000
785,6,53,53,3,3,1372,1342,1342,2,3,7,4,1,2,457,161500
786,5,105,70,3,2,686,966,1652,2,3,7,0,1,1,416,139000
787,7,16,16,4,4,956,956,2084,2,4,8,0,2,2,618,233000
788,4,66,20,3,3,901,901,901,1,3,4,0,1,1,281,107900
789,6,54,13,3,3,832,976,2087,2,4,9,0,3,2,444,187500
790,7,15,14,4,4,1145,1145,1145,2,4,5,4,3,2,397,160200
791,6,44,44,3,4,1029,1062,1062,1,3,5,3,2,2,539,146800
792,7,24,23,4,4,1117,1127,2013,2,3,8,3,1,2,455,269790
793,8,13,13,4,4,1496,1496,1496,2,4,7,0,3,2,474,225000
794,7,26,24,4,4,712,1086,1895,2,4,7,3,3,2,409,194500
795,6,40,39,3,4,650,888,1564,2,3,7,3,1,2,476,171000
796,6,43,43,3,3,660,1285,1285,1,3,7,3,2,2,528,143500
797,5,67,67,3,3,773,773,773,1,3,4,0,1,1,240,110000
798,9,12,11,5,5,1926,1966,3140,3,5,11,4,3,3,820,485000
799,5,83,70,3,4,731,981,1768,1,4,7,3,1,1,240,175000
800,6,23,23,3,4,616,616,1688,2,4,8,0,2,2,603,200000
801,4,104,30,3,3,1196,1196,1196,1,3,5,0,1,2,440,109900
802,7,15,15,4,4,728,728,1456,2,4,7,4,3,2,410,189000
803,9,12,11,5,5,1734,1734,2822,3,5,12,4,2,3,1020,582933
804,5,66,66,3,3,936,1128,1128,1,3,5,0,1,1,286,118000
805,7,12,12,4,4,1417,1428,1428,2,5,6,0,2,2,554,227680
806,5,53,53,3,3,980,980,980,2,3,6,0,3,1,384,135500
807,5,97,16,3,3,1324,1072,1576,1,4,6,3,2,2,528,223500
808,5,54,54,3,3,1024,1086,1086,1,3,6,4,2,2,484,159950
809,5,122,55,3,3,849,1075,2138,2,3,11,0,1,2,360,106000
810,6,46,21,3,3,1040,1309,1309,1,4,5,2,2,2,484,181000
811,6,16,16,4,4,848,848,848,1,4,4,4,3,2,420,144500
812,5,68,68,2,3,540,1044,1044,1,2,4,0,1,2,504,55993
813,6,62,62,3,3,1442,1442,1442,1,3,7,0,2,1,301,157900
814,5,102,70,3,3,686,686,1250,1,2,7,0,1,1,280,116000
815,7,22,22,3,4,1649,1661,1661,2,4,6,0,2,2,598,224900
816,5,66,66,3,3,1008,1008,1008,1,3,4,4,2,1,275,137000
817,8,18,18,4,4,1568,1689,1689,2,4,7,4,2,3,857,271000
818,6,49,49,3,3,1010,1052,1052,1,3,6,0,1,2,440,155000
819,7,11,10,4,4,1358,1358,1358,2,4,6,4,2,2,484,224000
820,7,17,17,4,4,798,798,1640,2,4,6,0,2,2,595,183000
821,4,67,67,2,2,936,936,936,1,3,4,0,1,2,576,93000
822,7,17,17,4,4,847,847,1733,2,4,7,4,3,2,433,225000
823,6,80,70,3,3,778,944,1489,2,3,7,4,1,1,240,139500
824,8,14,14,4,4,1489,1489,1489,2,4,7,4,2,2,776,232600
825,10,13,12,5,5,2078,2084,2084,2,5,7,4,3,3,1220,385000
826,5,96,70,3,3,784,784,784,1,4,5,0,0,0,0,109500
827,7,19,19,4,4,1454,1434,1434,2,4,6,3,2,2,527,189000
828,5,53,53,3,3,1013,1160,2126,2,3,7,0,3,2,538,185000
829,7,15,15,4,4,600,520,1223,2,4,4,0,2,2,480,147400
830,6,63,63,3,3,1392,1392,1392,1,3,6,4,2,2,458,166000
831,7,15,15,3,4,600,520,1200,2,4,4,0,2,2,480,151000
832,7,17,17,4,4,941,941,1829,2,4,7,3,2,2,613,237000
833,6,56,56,3,3,1516,1516,1516,1,3,6,0,2,2,472,167000
834,5,59,59,3,3,1144,1144,1144,1,3,6,0,1,2,456,139950
835,4,70,25,3,4,1067,1067,1067,2,4,4,0,1,2,436,128000
836,5,72,47,3,3,1559,1559,1559,1,3,5,0,1,2,812,153500
837,6,47,47,3,3,483,483,987,1,3,5,0,1,1,264,100000
838,5,25,14,3,4,1099,1099,1099,1,4,6,0,1,1,352,144000
839,5,74,25,3,3,768,768,1200,1,3,6,0,1,1,240,130500
840,6,95,70,3,3,672,810,1482,2,2,7,0,1,1,400,140000
841,5,116,18,3,3,650,958,1539,2,4,8,1,1,2,686,157500
842,6,54,54,3,3,1127,1165,1165,1,3,6,0,2,2,490,174900
843,5,59,59,3,3,1800,1800,1800,2,3,10,0,0,0,0,141000
844,5,105,70,3,3,876,876,1416,1,3,7,4,1,3,720,153900
845,5,45,39,3,4,1390,1701,1701,2,3,6,3,3,2,611,171000
846,7,27,27,4,4,740,1006,1775,2,4,7,3,1,2,425,213000
847,5,48,48,3,3,864,864,864,1,3,5,2,1,1,338,133500
848,6,112,23,3,3,907,1307,2358,3,3,10,4,1,2,360,240000
849,6,44,26,4,3,528,1094,1855,2,3,7,3,2,2,512,187000
850,6,17,17,4,4,848,848,848,1,4,3,0,3,2,420,131500
851,8,17,17,4,4,1273,1456,1456,2,4,7,3,3,2,400,215000
852,7,79,70,3,3,918,918,1646,2,3,7,4,1,1,240,164000
853,6,56,56,3,3,1127,1445,1445,1,3,7,2,2,2,645,158000
854,5,65,46,3,3,1763,1779,1779,1,3,6,4,1,2,454,170000
855,5,58,10,3,3,1040,1040,1040,1,3,6,0,1,1,260,127000
856,6,42,42,3,4,940,1026,1026,1,3,5,0,1,2,576,147000
857,6,26,25,3,4,702,702,1481,2,3,6,3,3,2,343,174000
858,7,44,44,3,4,1090,1370,1370,2,3,6,3,2,2,479,152000
859,6,52,36,3,3,1054,1512,2654,2,4,9,4,1,2,619,250000
860,7,102,22,4,3,912,912,1426,1,4,7,4,1,1,216,189950
861,5,55,55,3,3,1039,1039,1039,1,3,6,0,1,2,504,131500
862,6,36,35,3,4,1040,1097,1097,2,3,6,0,1,2,480,152000
863,5,61,61,3,3,1148,1148,1148,1,3,6,0,1,1,672,132500
864,7,13,12,4,5,1372,1372,1372,2,4,6,0,3,2,529,250580
865,5,50,50,3,3,1002,1002,1002,1,3,5,0,1,2,902,148500
866,8,14,13,4,4,1638,1646,1646,2,4,6,4,2,3,870,248900
867,4,59,59,3,3,1040,1120,1120,1,2,5,0,2,2,544,129000
868,5,72,70,3,0,0,1547,2320,2,3,7,3,1,2,672,169000
869,7,27,26,4,4,1050,1062,1949,2,4,8,3,3,2,574,236000
870,5,58,58,3,3,894,894,894,1,3,5,0,1,1,308,109500
871,6,22,22,3,4,804,804,1682,2,4,7,0,2,2,523,200500
872,5,67,24,4,3,105,910,910,1,4,5,0,1,2,414,116000
873,5,71,70,4,3,832,1036,1268,1,3,6,4,1,1,288,133000
874,5,79,70,3,3,676,676,1131,1,3,5,0,1,1,200,66500
875,8,13,13,4,4,1184,1184,2610,2,5,11,4,3,2,550,303477
876,4,57,57,3,3,1064,1040,1040,1,3,5,0,1,2,648,132250
877,9,16,15,4,5,1462,1462,2224,2,5,10,4,3,3,738,350000
878,5,59,25,3,3,1109,1155,1155,1,4,6,0,1,2,576,148000
879,5,42,15,4,3,864,864,864,1,3,6,0,1,1,336,136500
880,5,15,14,3,5,1090,1090,1090,1,3,5,0,3,2,450,157000
881,7,30,29,4,4,1156,1187,1717,2,4,7,3,2,2,400,187500
882,6,28,27,3,4,808,808,1593,2,3,7,3,2,2,389,178000
883,4,108,70,4,3,795,954,2230,1,3,10,0,1,1,440,118500
884,5,53,53,3,3,892,892,892,1,3,5,0,2,1,288,100000
885,9,21,20,4,5,1698,1709,1709,2,4,5,3,3,2,506,328900
886,5,61,15,3,3,1626,1712,1712,2,3,8,0,3,2,588,145000
887,5,65,65,3,3,816,872,1393,1,3,8,0,1,1,300,135500
888,8,50,50,4,3,2217,2217,2217,2,4,8,3,1,2,621,268000
889,6,67,67,3,3,1505,1505,1505,1,3,6,3,2,2,505,149500
890,5,71,14,3,3,672,672,924,1,3,6,1,1,2,576,122900
891,6,42,42,3,3,918,918,1683,2,3,7,3,2,2,440,172500
892,6,57,17,3,3,1059,1068,1068,1,3,6,0,2,1,264,154500
893,5,66,66,3,4,1383,1383,1383,1,3,6,4,1,1,354,165000
894,5,41,41,3,0,0,1535,1535,2,3,8,0,1,2,400,118858
895,6,57,57,3,3,780,983,1796,1,3,8,3,2,2,483,140000
896,4,84,70,3,3,951,951,951,1,3,6,0,1,1,327,106500
897,5,41,41,3,0,0,1120,2240,2,3,12,0,1,2,528,142953
898,9,11,10,5,5,2330,2364,2364,2,5,11,4,3,3,820,611657
899,5,59,26,3,3,912,1236,1236,1,3,6,3,1,1,288,135000
900,4,49,49,3,3,858,858,858,1,3,4,0,1,1,684,110000
901,5,63,20,3,3,992,1306,1306,1,3,5,0,1,1,756,153000
902,7,17,17,4,4,783,807,1509,2,4,8,4,3,2,393,180000
903,7,14,14,4,4,1670,1670,1670,2,4,7,4,2,3,690,240000
904,5,53,53,3,3,876,902,902,1,3,6,0,1,1,288,125500
905,5,66,66,3,3,1056,1063,1063,1,3,6,0,2,1,280,128000
906,8,14,14,4,4,1623,1636,1636,2,4,8,4,2,3,865,255000
907,7,84,33,4,4,1017,1020,2057,1,4,6,4,3,1,180,250000
908,5,37,37,3,4,864,902,902,1,3,5,0,1,2,484,131000
909,6,15,15,4,4,742,742,1484,2,4,8,4,3,2,390,174000
910,5,60,60,3,3,1105,1105,2274,2,3,12,0,1,2,480,154300
911,5,43,31,3,4,1268,1268,1268,1,4,5,0,1,1,252,143500
912,5,95,70,3,3,768,1015,1015,1,3,6,0,1,1,450,88000
913,5,71,70,3,3,1001,1001,2002,2,3,8,0,1,3,871,145000
914,6,11,11,4,4,612,612,1224,2,4,4,0,2,2,528,173733
915,4,50,50,3,3,546,546,1092,1,3,6,0,1,1,286,75000
916,2,71,70,3,3,480,480,480,0,3,4,0,1,1,308,35311
917,4,64,64,3,3,1134,1229,1229,1,3,6,0,2,1,284,135000
918,7,29,29,4,5,1104,912,2127,2,4,8,3,2,3,833,238000
919,6,62,18,5,4,1184,1414,1414,1,3,6,3,1,2,601,176500
920,6,26,26,4,4,928,936,1721,2,4,7,0,2,2,471,201000
921,5,120,17,3,3,1272,1272,2200,2,3,9,0,0,0,0,145900
922,6,15,14,4,4,1316,1316,1316,2,4,6,4,3,2,397,169990
923,6,27,26,4,4,1604,1617,1617,2,4,5,2,2,2,533,193000
924,6,40,40,3,4,1686,1686,1686,2,3,7,3,1,2,612,207500
925,5,43,43,3,4,1126,1126,1126,2,5,6,0,2,2,540,175000
926,8,17,16,4,4,1181,1234,2374,2,5,10,4,3,3,656,285000
927,7,52,52,3,3,832,1098,1978,2,3,9,4,2,2,486,176000
928,8,19,19,4,4,1753,1788,1788,2,5,7,3,2,2,522,236500
929,7,23,23,3,4,964,993,2236,2,4,8,3,3,2,642,222000
930,8,13,13,4,4,1466,1466,1466,2,4,7,0,3,3,610,201000
931,5,55,55,3,3,925,925,925,1,3,5,0,1,1,429,117500
932,9,14,14,5,5,1905,1905,1905,2,5,8,4,3,3,788,320000
933,7,16,16,4,4,1500,1500,1500,2,4,6,0,2,2,570,190000
934,7,60,13,3,4,585,2069,2069,2,4,9,4,2,2,505,242000
935,4,94,67,3,2,600,747,747,1,3,5,0,1,2,528,79900
936,7,17,17,4,4,1176,1200,1200,2,4,5,0,2,2,555,184900
937,7,15,15,4,4,1113,1113,1971,2,4,8,4,2,2,689,253000
938,7,14,14,4,4,1391,1391,1962,2,4,7,0,2,3,868,239799
939,7,80,70,3,3,1032,1207,2403,2,3,10,3,1,1,349,244400
940,6,44,44,3,3,1728,1728,1728,2,3,8,0,1,2,574,150900
941,7,21,21,4,4,992,1022,2060,2,4,8,3,2,2,390,214000
942,4,43,43,3,4,1440,1440,1440,2,3,8,0,0,0,0,150000
943,5,53,53,3,3,1632,1632,1632,2,3,8,0,1,2,576,143000
944,6,62,62,3,3,819,1344,1344,1,4,7,4,2,2,525,137500
945,5,130,24,3,3,1088,1188,1869,1,3,7,0,1,2,456,124900
946,5,61,61,3,3,1144,1144,1144,1,3,6,3,2,1,796,143000
947,8,18,17,4,4,1616,1629,1629,2,4,9,4,3,3,808,270000
948,7,18,18,4,4,936,936,1776,2,4,7,3,2,2,474,192500
949,6,48,14,3,3,1161,1381,1381,1,4,5,3,2,2,676,197500
950,5,70,18,3,3,864,864,864,1,4,5,0,2,2,720,129000
951,5,55,55,3,3,828,965,965,1,3,6,0,1,1,300,119900
952,5,48,17,3,4,768,768,768,1,3,5,0,3,1,396,133900
953,5,51,51,3,3,784,1168,1968,2,3,7,1,2,2,530,172000
954,6,45,45,3,4,945,980,980,2,3,4,0,0,0,0,127500
955,6,74,70,3,4,979,979,1958,2,3,8,0,1,2,492,145000
956,6,40,40,3,4,561,561,1229,1,3,5,3,3,2,462,124000
957,5,58,58,3,3,1057,1057,1057,1,3,6,0,3,2,576,132000
958,7,17,17,4,4,1337,1337,1337,2,4,6,0,2,2,531,185000
959,7,21,21,4,4,696,696,1416,2,4,6,0,1,2,484,155000
960,5,62,12,3,3,858,858,858,1,3,4,0,0,0,0,116500
961,6,43,25,3,4,1330,1542,2872,2,3,11,3,3,2,619,272000
962,6,44,44,3,4,804,804,1548,2,4,7,3,1,2,440,155000
963,9,13,13,4,5,1800,1800,1800,2,5,7,0,3,2,702,239000
964,7,18,17,4,4,817,824,1894,2,4,8,4,3,2,510,214900
965,6,15,13,4,4,783,783,1484,2,4,8,4,3,2,393,178900
966,5,80,70,4,3,728,976,1308,1,3,7,3,1,1,256,160000
967,5,65,65,3,3,1098,1098,1098,1,3,6,0,1,1,260,135000
968,3,110,70,3,3,600,600,968,1,3,6,0,0,0,0,37900
969,6,62,62,3,3,588,1095,1095,1,3,6,0,2,1,264,140000
970,4,71,70,3,3,720,720,1192,1,3,6,0,0,0,0,135000
971,7,17,16,4,4,764,764,1626,2,4,6,0,2,2,474,173000
972,6,41,41,3,4,918,918,918,2,3,5,3,1,1,264,99500
973,7,13,12,4,4,1428,1428,1428,2,4,6,0,3,2,480,182000
974,7,110,27,3,4,728,1136,2019,1,4,8,0,1,2,532,167500
975,7,20,20,4,4,673,673,1382,2,4,6,0,1,2,490,165000
976,4,97,62,3,4,440,869,869,1,2,4,0,0,0,0,85500
977,7,14,13,4,4,1241,1241,1241,1,4,4,0,3,2,569,199900
978,4,66,66,3,3,894,894,894,1,3,5,0,1,2,400,110000
979,5,57,57,3,3,1121,1121,1121,1,3,5,0,1,2,480,139000
980,7,59,13,5,3,944,999,999,1,5,6,0,2,2,588,178400
981,8,22,21,4,4,1225,1276,2612,2,4,8,3,3,3,676,336000
982,7,13,13,4,4,1266,1266,1266,2,4,6,4,3,2,388,159895
983,8,18,18,4,4,1128,1149,2290,2,4,9,4,1,2,779,255900
984,5,43,43,3,0,0,1302,1734,2,4,8,0,1,2,539,126000
985,5,70,70,3,3,1164,1164,1164,1,3,5,0,1,1,240,125000
986,6,110,17,3,3,485,1001,1635,1,4,5,0,1,1,255,117000
987,9,11,10,5,5,1930,1940,1940,2,5,8,4,3,3,606,395192
988,6,44,44,3,3,848,1118,2030,2,4,8,3,3,2,551,195000
989,7,14,14,4,4,770,778,1576,2,4,6,0,2,2,614,197000
990,8,23,22,4,4,1396,1407,2392,2,4,7,3,3,3,870,348000
991,8,138,34,4,3,916,916,1742,1,4,8,4,1,2,424,168000
992,6,56,27,3,3,822,1020,1851,2,4,7,2,2,2,440,187000
993,6,15,14,3,4,750,750,1500,2,4,6,0,2,2,564,173900
994,10,14,13,5,5,1700,1718,1718,2,5,7,4,3,3,786,337500
995,4,74,70,3,3,747,774,1230,1,3,5,0,1,1,305,121600
996,5,59,59,3,3,1050,1050,1050,1,3,6,0,1,1,368,136500
997,6,50,50,3,3,1442,1442,1442,2,3,6,3,2,2,615,185000
998,3,98,70,3,3,1007,1077,1077,1,3,6,4,1,1,210,91000
999,7,14,14,4,4,1187,1208,1208,2,4,6,0,2,2,632,206000
1000,3,68,68,3,0,0,944,944,1,2,4,0,1,2,528,82000
1001,5,100,70,3,2,691,691,691,1,5,4,0,1,1,216,86000
1002,8,14,14,4,4,1574,1574,1574,2,4,7,4,2,3,824,232000
1003,5,44,44,3,3,1680,1680,1680,2,3,8,0,1,2,528,136905
1004,7,15,14,4,4,1346,1504,1504,2,4,7,4,3,2,457,181000
1005,5,43,43,4,4,985,985,985,2,3,6,0,1,1,328,149900
1006,6,50,50,3,4,1657,1657,1657,2,3,7,3,1,2,484,163500
1007,4,50,50,3,3,546,546,1092,1,3,6,0,2,1,286,88000
1008,7,16,15,4,5,1710,1710,1710,2,4,7,4,3,2,550,240000
1009,5,94,70,3,3,1008,1008,1522,2,3,7,0,0,0,0,102000
1010,5,72,70,3,3,720,720,1271,2,3,7,4,1,1,312,135000
1011,5,55,55,3,0,0,1664,1664,2,3,8,0,0,0,0,100000
1012,6,97,24,3,3,602,900,1502,1,4,7,3,1,1,180,165000
1013,5,110,14,3,3,1022,1022,1022,1,3,4,0,1,1,280,85000
1014,6,72,70,3,3,1082,1082,1082,1,3,5,4,1,1,240,119200
1015,8,19,19,4,4,810,810,1665,2,4,6,0,3,2,528,227000
1016,7,24,24,4,4,1504,1504,1504,2,4,6,3,3,2,478,203000
1017,8,36,36,4,4,1220,1360,1360,1,4,4,5,2,2,565,187500
1018,7,29,28,4,4,384,802,1472,2,4,7,3,2,2,402,160000
1019,7,15,15,4,4,1362,1506,1506,2,4,6,4,3,2,440,213490
1020,4,15,15,3,4,1132,1132,1132,1,4,5,0,3,2,451,176000
