,LotArea,Condition2,OverallQual,RoofMatl,ExterQual,BsmtFinSF1,1stFlrSF,2ndFlrSF,BedroomAbvGr,KitchenAbvGr,TotRmsAbvGrd,GarageArea,PoolQC,SalePrice
0,8450,0,7,3,4,706,856,854,3,1,8,548,0,208500
1,9600,0,6,3,3,978,1262,0,3,1,6,460,0,181500
2,11250,0,7,3,4,486,920,866,3,1,6,608,0,223500
3,9550,0,7,3,3,216,961,756,3,1,7,642,0,140000
4,14260,0,8,3,4,655,1145,1053,4,1,9,836,0,250000
5,14115,0,5,3,3,732,796,566,1,1,5,480,0,143000
6,10084,0,8,3,4,1369,1694,0,3,1,7,636,0,307000
7,10382,0,7,3,3,859,1107,983,3,1,7,484,0,200000
8,6120,0,7,3,3,0,1022,752,2,2,8,468,0,129900
9,7420,-1,5,3,3,851,1077,0,2,2,5,205,0,118000
10,11200,0,5,3,3,906,1040,0,3,1,5,384,0,129500
11,11924,0,9,3,5,998,1182,1142,4,1,11,736,0,345000
12,12968,0,5,3,3,737,912,0,2,1,4,352,0,144000
13,10652,0,7,3,4,0,1494,0,3,1,7,840,0,279500
14,10920,0,6,3,3,733,1253,0,2,1,5,352,0,157000
15,6120,0,7,3,3,0,854,0,2,1,5,576,0,132000
16,11241,0,6,3,3,578,1004,0,2,1,5,480,0,149000
17,10791,0,4,3,3,0,1296,0,2,2,6,516,0,90000
18,13695,0,5,3,3,646,1114,0,3,1,6,576,0,159000
19,7560,0,5,3,3,504,1339,0,3,1,6,294,0,139000
20,14215,0,8,3,4,0,1158,1218,4,1,9,853,0,325300
21,7449,0,7,3,3,0,1108,0,3,1,6,280,0,139400
22,9742,0,8,3,4,0,1795,0,3,1,7,534,0,230000
23,4224,0,5,3,3,840,1060,0,3,1,6,572,0,129900
24,8246,0,5,3,3,188,1060,0,3,1,6,270,0,154000
25,14230,0,8,3,4,0,1600,0,3,1,7,890,0,256300
26,7200,0,5,3,3,234,900,0,3,1,5,576,0,134800
27,11478,0,8,3,4,1218,1704,0,3,1,7,772,0,306000
28,16321,0,5,3,3,1277,1600,0,2,1,6,319,0,207500
29,6324,-1,4,3,3,0,520,0,1,1,4,240,0,68500
30,8500,0,4,3,3,0,649,668,3,1,6,250,0,40000
31,8544,0,5,3,3,0,1228,0,3,1,6,271,0,149350
32,11049,0,8,3,4,0,1234,0,3,1,7,484,0,179900
33,10552,0,5,3,3,1018,1700,0,4,1,6,447,0,165500
34,7313,0,9,3,5,1153,1561,0,2,1,6,556,0,277500
35,13418,0,8,3,4,0,1132,1320,4,1,9,691,0,309000
36,10859,0,5,3,3,0,1097,0,3,1,6,672,0,145000
37,8532,0,5,3,3,1213,1297,0,3,1,5,498,0,153000
38,7922,0,5,3,3,731,1057,0,3,1,5,246,0,109000
39,6040,0,4,3,3,0,1152,0,2,2,6,0,0,82000
40,8658,0,6,3,3,643,1324,0,3,1,6,440,0,160000
41,16905,0,5,3,3,967,1328,0,2,1,5,308,0,170000
42,9180,0,5,3,3,747,884,0,2,1,5,504,0,144000
43,9200,0,5,3,3,280,938,0,3,1,5,308,0,130250
44,7945,0,5,3,3,179,1150,0,3,1,6,300,0,141000
45,7658,0,9,3,5,456,1752,0,2,1,6,576,0,319900
46,12822,0,7,3,4,1351,1518,631,1,1,6,670,0,239686
47,11096,0,8,3,4,24,1656,0,3,1,7,826,0,249700
48,4456,0,4,3,3,0,736,716,2,3,8,0,0,113000
49,7742,0,5,3,3,763,955,0,3,1,6,386,0,127000
50,13869,0,6,3,3,182,794,676,3,1,6,388,0,177000
51,6240,0,6,3,3,0,816,0,3,1,6,528,0,114500
52,8472,0,5,3,2,104,816,0,2,1,5,516,0,110000
53,50271,0,9,6,4,1810,1842,0,0,1,5,894,0,385000
54,7134,0,5,3,3,384,1360,0,3,1,6,572,0,130000
55,10175,0,6,3,3,490,1425,0,3,1,7,576,0,180500
56,2645,0,8,3,4,649,983,756,3,1,7,480,0,172500
57,11645,0,7,3,4,0,860,860,3,1,7,565,0,196500
58,13682,0,10,3,5,0,1426,1519,3,1,10,641,0,438780
59,7200,0,5,3,3,632,780,0,2,1,4,352,0,124900
60,13072,0,6,3,3,941,1158,0,3,1,5,576,0,158000
61,7200,0,5,3,3,0,581,530,3,1,6,288,0,101000
62,6442,0,8,3,4,24,1370,0,2,1,6,484,0,202500
63,10300,-1,7,3,3,0,902,808,3,1,9,480,0,140000
64,9375,0,7,3,3,739,1057,977,3,1,8,645,0,219500
65,9591,0,8,3,4,0,1143,1330,4,1,9,852,0,317000
66,19900,0,7,3,3,912,2207,0,3,1,7,576,0,180000
67,10665,0,7,3,4,1013,1479,0,3,1,7,558,0,226000
68,4608,0,4,3,3,0,747,0,2,1,4,220,0,80000
69,15593,0,7,3,4,603,1304,983,3,1,7,667,0,225000
70,13651,0,7,3,3,1880,2223,0,3,1,8,516,0,244000
71,7599,0,4,3,3,565,845,0,2,1,4,360,0,129500
72,10141,0,7,3,3,0,885,833,3,1,7,427,0,185000
73,10200,0,5,3,3,320,1086,0,3,1,6,490,0,144900
74,5790,0,3,3,4,0,840,765,3,2,8,379,0,107400
75,1596,0,4,3,3,462,526,462,2,1,5,297,0,91000
76,8475,0,4,3,3,228,952,0,2,1,4,283,0,135750
77,8635,0,5,3,3,336,1072,213,2,1,6,240,0,127000
78,10778,0,4,3,3,0,1768,0,4,2,8,0,0,136500
79,10440,0,5,3,3,0,682,548,2,1,5,440,0,110000
80,13000,0,6,3,3,448,1182,960,4,1,8,509,0,193500
81,4500,0,6,3,3,1201,1337,0,2,1,5,405,0,153500
82,10206,0,8,3,3,33,1563,0,3,1,6,758,0,245000
83,8892,0,5,3,3,0,1065,0,3,1,6,461,0,126500
84,8530,0,7,3,3,0,804,670,3,1,7,400,0,168500
85,16059,0,8,3,4,0,1301,1116,4,1,9,462,0,260000
86,11911,0,6,3,4,0,684,876,3,1,6,400,0,174000
87,3951,0,6,3,4,0,612,612,2,1,4,528,0,164500
88,8470,-1,3,3,2,0,1013,0,2,1,6,0,0,85000
89,8070,0,4,3,3,588,990,0,3,1,5,0,0,123600
90,7200,0,4,3,3,0,1040,0,2,1,4,420,0,109900
91,8500,0,5,3,3,600,1235,0,2,1,6,480,0,98600
92,13360,0,5,3,3,713,964,0,2,1,5,432,0,163500
93,7200,0,6,3,3,1046,1260,1031,4,2,9,506,0,133900
94,9337,0,6,3,3,648,905,881,3,1,7,684,0,204750
95,9765,0,6,3,5,310,680,790,3,1,6,420,0,185000
96,10264,0,7,3,4,1162,1588,0,3,1,6,472,0,214000
97,10921,0,4,3,3,520,960,0,3,1,6,432,0,94750
98,10625,0,5,3,3,108,835,0,2,1,5,366,0,83000
99,9320,0,4,3,3,569,1225,0,3,1,6,0,0,128950
100,10603,0,6,3,3,1200,1610,0,3,1,6,480,0,205000
101,9206,0,6,3,4,0,977,755,3,1,7,476,0,178000
102,7018,0,5,3,3,0,1535,0,4,2,8,410,0,118964
103,10402,0,7,3,3,0,1226,0,3,1,6,740,0,198900
104,7758,0,7,3,3,224,1226,592,4,1,7,240,0,169500
105,9375,0,8,3,4,0,1053,939,3,1,9,648,0,250000
106,10800,0,4,3,3,0,1047,0,2,1,6,273,0,100000
107,6000,0,5,3,3,104,789,0,2,1,5,250,0,115000
108,8500,0,5,3,3,0,997,520,3,1,7,0,0,115000
109,11751,0,6,3,3,705,1844,0,3,1,7,546,0,190000
110,9525,0,6,3,3,444,1216,639,4,1,7,325,0,136900
111,7750,0,7,3,3,250,774,656,3,1,7,400,0,180000
112,9965,0,7,3,4,984,1282,1414,4,1,10,792,0,383970
113,21000,0,6,3,3,35,2259,0,3,1,7,450,0,217000
114,7259,0,6,3,3,774,1436,884,3,1,9,180,0,259500
115,3230,0,6,3,3,419,729,729,2,1,5,440,0,176000
116,11616,0,5,3,3,170,1092,0,3,1,6,288,0,139000
117,8536,0,5,3,3,0,1125,0,2,1,5,430,0,155000
118,12376,0,7,3,3,1470,1699,1523,5,1,11,594,0,320000
119,8461,0,6,3,4,0,728,728,3,1,8,390,0,163990
120,21453,0,6,2,3,938,988,0,1,1,4,540,0,180000
121,6060,0,4,3,3,0,772,351,3,1,4,264,0,100000
122,9464,0,6,3,3,570,1080,0,3,1,5,288,0,136000
123,7892,0,6,3,4,300,1199,0,2,1,5,530,0,153900
124,17043,0,6,3,3,0,1586,0,3,1,7,435,0,181000
125,6780,0,6,3,3,490,520,0,2,1,5,0,0,84500
126,4928,0,6,3,3,120,958,0,2,1,5,440,0,128000
127,4388,0,5,3,3,116,840,0,3,1,5,0,0,87000
128,7590,0,6,3,3,512,660,688,3,1,6,453,0,155000
129,8973,0,5,3,3,567,1053,0,3,1,6,750,0,150000
130,14200,0,7,3,3,445,1216,941,4,1,8,487,0,226000
131,12224,0,6,3,4,695,1022,1032,3,1,7,390,0,244000
132,7388,0,5,3,3,405,1327,0,3,1,7,624,0,150750
133,6853,0,8,3,4,1005,1296,0,2,1,6,471,0,220000
134,10335,0,5,3,3,570,1721,0,3,1,7,440,0,180000
135,10400,0,7,3,3,0,1682,0,3,1,7,530,0,174000
136,10355,0,5,3,3,695,1214,0,3,1,5,318,0,143000
137,11070,0,7,3,3,0,1959,0,5,2,9,766,0,171000
138,9066,0,8,3,4,668,1004,848,3,1,7,660,0,230000
139,15426,0,6,3,3,821,928,836,3,1,7,470,0,231500
140,10500,0,4,3,3,432,864,0,3,1,5,0,0,115000
141,11645,0,7,3,4,1300,1734,0,3,1,7,660,0,260000
142,8520,0,5,3,3,507,910,475,4,1,6,720,0,166000
143,10335,0,7,3,4,679,1501,0,3,1,6,577,0,204000
144,9100,0,5,3,3,1332,1728,0,6,2,10,504,0,125000
145,2522,0,6,3,4,0,970,739,3,1,7,380,0,130000
146,6120,0,5,3,3,209,875,0,2,1,5,180,0,105000
147,9505,0,7,3,4,0,884,1151,3,1,8,434,0,222500
148,7500,0,7,3,3,680,1080,0,3,1,6,0,0,141000
149,6240,0,5,3,3,0,896,448,3,1,7,240,0,115000
150,10356,0,5,3,3,716,969,0,3,1,5,440,0,122000
151,13891,0,8,3,4,1400,1710,0,2,1,6,866,0,372402
152,14803,0,6,3,3,416,1097,896,4,1,8,495,0,190000
153,13500,0,6,3,3,429,1252,0,1,1,4,564,0,235000
154,11340,0,6,3,3,0,1200,0,4,1,7,312,0,125000
155,9600,0,6,3,3,0,572,524,2,1,5,0,0,79000
156,7200,0,5,3,3,0,1040,0,2,1,5,625,0,109500
157,12003,0,8,3,4,0,774,1194,4,1,8,680,0,269500
158,12552,0,7,3,4,222,991,956,3,1,8,678,0,254900
159,19378,0,7,3,4,57,1392,1070,4,1,9,576,0,320000
160,11120,0,6,3,3,660,1232,0,3,1,6,516,0,162500
161,13688,0,9,3,4,1016,1572,1096,3,1,10,726,0,412500
162,12182,0,7,3,4,1201,1541,0,3,1,7,532,0,220000
163,5500,0,4,3,3,0,882,0,1,1,4,0,0,103200
164,5400,0,6,3,3,370,1149,467,3,1,5,216,0,152000
165,10106,0,5,3,3,351,808,547,4,2,6,0,0,127500
166,10708,0,5,3,4,379,1867,0,2,1,7,303,0,190000
167,10562,0,8,3,4,1288,1610,551,3,1,8,789,0,325624
168,8244,0,7,3,4,0,840,880,3,1,7,440,0,183500
169,16669,0,8,4,4,0,1707,0,2,1,6,511,0,228000
170,12358,0,5,3,3,360,854,0,2,1,7,660,0,128500
171,31770,0,6,3,3,639,1656,0,3,1,7,528,0,215000
172,5306,0,7,3,4,495,1064,703,2,1,5,504,0,239000
173,10197,0,6,3,3,288,1362,0,3,1,6,504,0,163000
174,12416,0,6,3,3,1398,1651,0,3,1,7,616,0,184000
175,12615,0,6,3,3,477,2158,0,4,1,7,576,0,243000
176,10029,0,6,3,4,831,1164,896,4,1,8,521,0,211000
177,13650,0,5,3,4,57,1252,668,4,1,8,451,0,172500
178,17423,0,9,3,5,1904,2234,0,1,1,9,1166,0,501837
179,8520,0,5,3,4,0,968,0,2,1,5,480,0,100000
180,2117,0,6,3,4,436,769,756,3,1,5,440,0,177000
181,7588,0,7,3,3,352,901,901,4,1,9,216,0,200100
182,9060,0,5,3,3,0,1340,0,3,1,7,252,0,120000
183,11426,0,7,3,3,0,1362,720,3,1,6,484,0,200000
184,7438,-1,5,3,3,0,936,316,3,1,5,576,0,127000
185,22950,0,10,6,4,0,1518,1518,4,1,12,840,0,475000
186,9947,0,7,3,3,611,1217,0,3,1,6,497,0,173000
187,10410,0,5,3,3,0,808,704,3,1,8,180,0,135000
188,7018,0,5,3,3,1086,1224,0,2,2,6,528,0,153337
189,4923,0,8,3,4,1153,1593,0,0,1,5,682,0,286000
190,10570,0,8,3,4,297,1549,1178,3,1,10,440,0,315000
191,7472,0,7,3,3,626,725,754,4,1,7,484,0,184000
192,9017,0,7,3,4,560,1431,0,3,1,6,666,0,192000
193,2522,0,7,3,4,0,970,739,3,1,7,380,0,130000
194,7180,0,5,3,3,390,864,0,3,1,5,352,0,127000
195,2280,0,6,3,3,566,855,601,3,1,7,440,0,148500
196,9416,0,7,3,5,1126,1726,0,3,1,8,786,0,311872
197,25419,0,8,3,4,1036,1360,1360,4,1,8,795,4,235000
198,5520,0,6,3,3,0,929,929,5,1,8,0,0,104000
199,9591,0,8,3,4,1088,1713,0,3,1,7,856,0,274900
200,8546,0,4,3,3,0,1121,0,2,1,5,440,0,140000
201,10125,0,6,3,3,641,1279,0,3,1,6,473,0,171500
202,7000,0,6,3,3,617,865,445,2,1,6,398,0,112000
203,4438,0,6,3,4,662,848,0,1,1,3,420,0,149000
204,3500,0,5,3,3,312,720,564,2,1,5,240,0,110000
205,11851,0,7,3,3,0,1442,0,3,1,5,500,0,180500
206,13673,0,5,3,3,0,1696,0,3,1,8,349,0,143900
207,12493,0,4,3,3,419,1100,0,3,1,6,312,0,141000
208,14364,0,7,3,4,1065,1180,882,3,1,7,454,0,277000
209,8250,0,6,3,3,787,1092,0,3,1,6,504,0,145000
210,5604,0,5,3,3,468,864,0,2,1,5,0,0,98000
211,10420,0,6,3,3,36,1212,0,3,1,6,460,0,186000
212,8640,0,7,3,3,822,932,920,3,1,7,644,0,252678
213,13568,0,5,3,3,716,990,0,3,1,5,576,0,156000
214,10900,0,6,3,3,378,689,703,3,1,6,299,0,161750
215,10011,0,5,3,3,360,1236,0,2,1,6,447,0,134450
216,8450,0,7,3,4,946,1436,0,3,1,8,484,0,210000
217,9906,0,4,3,3,0,810,518,3,1,8,210,0,107000
218,15660,0,7,3,4,341,1137,817,3,1,8,431,0,311500
219,3010,0,7,3,4,16,1248,0,2,1,5,438,0,167240
220,8990,0,7,3,4,0,1498,0,2,1,5,675,0,204900
221,8068,0,6,3,4,0,1010,1257,4,1,8,390,0,200000
222,11475,0,6,3,3,550,811,741,3,1,6,434,0,179900
223,10500,0,4,3,3,524,864,0,2,1,4,576,0,97000
224,13472,0,10,3,5,56,2392,0,3,1,8,968,0,386250
225,1680,0,5,3,3,0,630,672,3,1,6,280,0,112000
226,9950,0,7,3,4,565,1214,1306,4,1,9,721,0,290000
227,1869,0,6,3,3,321,483,504,2,1,5,280,0,106000
228,8521,0,5,3,3,842,912,0,3,1,5,336,0,125000
229,3182,0,7,3,4,16,1555,0,2,1,7,430,0,192500
230,8760,0,6,3,3,0,1194,0,3,1,6,312,0,148000
231,15138,0,8,3,4,689,1490,1304,4,1,9,810,0,403000
232,1680,0,6,3,3,0,483,504,2,1,5,288,0,94500
233,10650,0,5,3,3,182,894,0,3,1,5,308,0,128200
234,7851,0,6,3,4,625,860,1100,4,1,8,440,0,216500
235,1680,0,6,3,3,358,483,504,2,1,5,264,0,89500
236,8773,0,7,3,4,24,1414,0,3,1,6,494,0,185500
237,9453,0,7,3,4,402,1014,730,3,1,7,457,0,194500
238,12030,0,8,3,5,0,1694,0,3,1,7,818,0,318000
239,8741,0,6,3,3,94,798,689,3,1,7,220,0,113000
240,9000,0,8,3,4,1078,1566,0,3,1,7,750,0,262500
241,3880,0,5,3,3,329,866,0,2,1,4,0,0,110500
242,5000,0,5,3,3,0,889,551,3,1,6,352,0,79000
243,10762,0,6,3,3,0,626,591,3,1,6,288,0,120000
244,8880,0,7,3,4,695,1222,888,3,1,8,463,0,205000
245,10400,0,7,3,3,929,1872,0,3,1,6,604,0,241500
246,9142,0,6,3,3,0,908,1020,4,2,9,440,0,137000
247,11310,0,6,3,3,0,1375,0,2,1,5,451,0,140000
248,11317,0,7,3,4,0,840,828,3,1,8,500,0,180000
249,159000,0,6,3,4,697,1444,700,4,1,7,389,0,277000
250,5350,0,3,3,3,0,1306,0,3,1,6,0,0,76500
251,4750,0,8,3,4,1573,1625,0,2,1,5,538,0,235000
252,8366,0,6,3,4,0,798,842,3,1,6,520,0,173000
253,9350,0,6,3,3,270,1302,0,3,1,7,309,0,158000
254,8400,0,5,3,3,922,1314,0,3,1,5,294,0,145000
255,8738,0,7,3,4,0,1005,1286,4,1,8,429,0,230000
256,8791,0,6,3,4,503,864,864,3,1,7,673,0,207500
257,8814,0,7,3,4,1334,1604,0,3,1,8,660,0,220000
258,12435,0,7,3,4,361,963,829,3,1,7,564,0,231500
259,12702,0,5,3,3,0,882,0,2,1,4,308,0,97000
260,19296,0,6,3,3,672,1382,0,3,1,6,884,0,176000
261,9588,0,8,3,4,0,1482,1092,3,1,10,868,0,276000
262,8471,0,6,3,3,506,1212,0,3,1,6,492,0,151000
263,5500,0,5,3,3,234,926,0,3,1,6,484,0,130000
264,5232,0,5,3,3,0,764,0,2,1,4,504,0,73000
265,12090,0,6,3,3,588,1422,0,3,1,7,576,0,175500
266,11207,0,6,3,3,714,802,709,3,1,8,413,0,185000
267,8400,0,5,3,3,378,1052,720,4,1,8,240,0,179500
268,6900,0,5,3,3,403,778,0,2,1,4,924,0,120500
269,7917,0,6,3,3,751,1113,0,3,1,6,504,0,148000
270,10728,0,8,3,4,0,1095,844,3,1,8,1053,0,266000
271,39104,0,7,5,3,226,1363,0,2,1,5,439,0,241500
272,11764,0,8,3,4,524,1164,1106,4,1,9,671,0,290000
273,9600,0,6,3,3,620,1632,0,3,1,6,338,0,139000
274,8314,0,5,3,3,546,816,0,2,1,5,264,0,124500
275,7264,0,7,3,4,0,952,596,3,1,5,672,0,205000
276,9196,0,7,3,4,0,1560,0,3,1,7,573,0,201000
277,19138,0,4,3,3,120,864,0,2,1,4,400,0,141000
278,14450,0,9,3,5,0,2121,0,3,1,8,732,0,415298
279,10005,0,7,3,3,392,1156,866,4,1,8,505,0,192000
280,11287,0,7,3,4,421,1175,807,3,1,7,575,0,228500
281,7200,0,6,3,4,905,1262,0,2,1,5,572,0,185000
282,5063,0,7,3,4,904,1314,0,2,1,6,626,0,207500
283,9612,0,8,3,4,0,1468,0,3,1,6,898,0,244600
284,8012,0,6,3,4,430,1575,0,2,1,5,529,0,179200
285,4251,0,7,3,4,0,625,625,2,1,5,528,0,164700
286,9786,0,6,3,3,600,1085,649,3,1,7,440,0,159000
287,8125,0,4,3,3,614,858,0,3,1,5,0,0,88000
288,9819,0,5,3,3,450,900,0,3,1,5,280,0,122000
289,8730,0,6,3,3,0,698,698,3,1,7,384,0,153575
290,15611,0,8,3,4,0,1079,840,3,1,8,685,0,233230
291,5687,0,5,3,3,210,936,780,6,1,9,0,0,135900
292,11409,0,5,3,3,292,1148,568,3,1,8,281,0,131000
293,16659,0,7,3,3,795,1468,795,3,1,9,539,0,235000
294,9600,0,6,3,3,1285,1644,0,3,1,7,418,0,167000
295,7937,0,6,3,3,819,1003,0,3,1,6,588,0,142500
296,13710,0,5,3,3,420,910,648,4,1,6,282,0,152000
297,7399,0,7,3,4,649,975,975,3,1,7,576,0,239000
298,11700,0,6,3,4,384,1041,702,3,1,7,539,0,175000
299,14000,0,6,3,3,0,1152,0,3,1,6,300,0,158500
300,15750,0,5,3,3,841,1336,0,2,1,5,375,0,157000
301,16226,0,8,3,4,281,1210,1242,4,1,9,683,0,267000
302,13704,0,7,3,4,0,1541,0,3,1,6,843,0,205000
303,9800,0,5,3,3,894,894,0,3,1,5,552,0,149900
304,18386,0,7,3,3,0,1675,1818,3,1,10,870,0,295000
305,10386,0,8,3,4,1464,2000,0,3,1,8,888,0,305900
306,13474,0,7,3,4,700,1122,1121,4,1,8,746,0,225000
307,7920,0,6,3,3,0,1035,371,3,1,6,0,0,89500
308,12342,0,4,3,3,262,861,0,1,1,4,539,0,82500
309,12378,0,9,3,4,1274,1944,0,3,1,8,708,0,360000
310,7685,0,6,3,3,518,697,804,3,1,6,420,0,165600
311,8000,0,6,3,3,680,972,0,2,1,5,240,0,132000
312,7800,0,5,3,3,507,793,325,3,1,5,410,0,119900
313,215245,0,7,3,3,1236,2036,0,3,1,8,513,0,375000
314,9600,0,7,3,3,16,832,809,3,1,6,546,0,178000
315,7795,0,7,3,4,425,716,716,3,1,6,432,0,188500
316,13005,0,7,3,4,692,1153,1200,4,1,10,484,0,260000
317,9000,0,8,3,4,0,1088,871,3,1,8,1025,0,270000
318,9900,0,7,3,4,987,1372,1274,4,1,9,656,0,260000
319,14115,0,7,3,3,1036,1472,0,3,1,6,588,0,187500
320,16259,0,9,3,3,0,1249,1347,4,1,9,840,0,342643
321,12099,0,8,3,4,970,1136,1332,4,1,10,872,0,354000
322,10380,0,7,3,4,28,1553,1177,4,1,8,576,0,301000
323,5820,0,3,3,3,256,1163,0,3,1,6,220,0,126175
324,11275,0,7,4,4,0,1898,1080,5,1,11,564,0,242000
325,5000,0,5,3,3,116,803,0,2,1,5,360,0,87000
326,10846,0,8,3,4,1619,1719,0,1,1,6,473,0,324000
327,11600,0,6,3,3,565,1383,0,3,1,7,292,0,145250
328,11888,0,6,3,3,0,1445,689,5,1,10,441,0,214500
329,6402,0,5,3,3,0,596,596,3,1,6,189,0,78000
330,10624,0,5,3,3,40,1728,0,6,2,10,352,0,119000
331,8176,0,5,3,3,846,1056,0,3,1,6,308,0,139000
332,10655,0,8,3,4,1124,1629,0,3,1,7,880,0,284000
333,8198,0,7,3,4,720,1358,0,2,1,6,484,0,207000
334,9042,0,6,3,3,828,943,695,3,1,7,472,0,192000
335,164660,0,5,3,3,1249,1619,167,3,1,7,529,0,228950
336,14157,0,9,3,4,1249,1922,0,3,1,8,676,0,377426
337,9135,0,7,3,4,810,1536,0,3,1,7,532,0,214000
338,14145,0,7,3,4,213,1621,0,3,1,8,440,0,202500
339,12400,0,6,3,3,585,1215,0,3,1,6,297,0,155000
340,14191,0,8,3,4,0,993,915,4,1,9,431,0,202900
341,8400,0,4,3,2,0,841,0,2,1,4,294,0,82000
342,8544,0,3,3,3,0,1040,0,2,2,6,400,0,87500
343,8849,0,9,3,5,28,1684,0,2,1,6,564,0,266000
344,2592,0,5,3,3,129,536,576,3,1,4,336,0,85000
345,6435,0,6,3,3,0,972,605,3,1,6,312,0,140200
346,12772,0,6,3,3,498,958,0,2,1,5,301,0,151500
347,17600,0,6,3,3,1270,1478,0,3,1,6,498,0,157500
348,2448,0,7,3,4,573,764,862,2,1,6,474,0,154000
349,20431,0,9,3,5,1410,1848,880,4,1,10,706,0,437154
350,7820,0,9,3,5,0,1869,0,2,1,6,617,0,318061
351,5271,0,7,3,3,1082,1453,0,2,1,6,445,0,190000
352,9084,0,5,3,3,236,616,495,3,1,5,200,0,95000
353,8520,0,6,3,3,0,720,0,2,1,5,484,0,105900
354,8400,0,6,3,3,388,1192,403,2,1,6,240,0,140000
355,11249,0,6,3,4,334,1200,0,3,1,6,521,0,177500
356,9248,0,6,3,3,560,1167,0,3,1,6,400,0,173000
357,4224,0,5,3,3,874,1142,0,3,1,6,528,0,134000
358,6930,0,5,3,3,300,1352,0,3,1,6,288,0,130000
359,12011,0,8,3,4,956,1086,838,3,1,7,592,0,280000
360,7540,0,6,3,3,773,912,0,2,1,5,470,0,156000
361,9144,0,5,3,3,399,988,517,3,1,8,240,0,145000
362,7301,0,7,3,4,0,495,1427,4,1,7,672,0,198500
363,1680,0,6,3,3,162,483,504,2,1,5,264,0,118000
364,18800,0,6,3,3,712,790,784,3,1,6,566,0,190000
365,10690,0,5,3,3,456,672,672,3,1,6,468,0,147000
366,9500,0,6,3,3,609,1394,0,3,1,6,514,0,159000
367,9150,0,6,1,3,371,1431,0,3,1,6,296,0,165000
368,7800,0,5,3,3,540,1268,0,2,1,7,244,0,132000
369,9830,0,5,3,3,72,1287,0,3,1,7,576,0,162000
370,8121,0,6,3,3,0,953,711,3,1,7,460,0,172400
371,17120,0,4,3,3,0,1120,468,4,1,7,680,0,134432
372,7175,0,6,3,3,623,752,0,2,1,4,264,0,125000
373,10634,0,5,3,3,428,1319,0,3,1,5,270,0,123000
374,8200,0,7,3,4,0,847,1081,4,1,8,434,0,219500
375,10020,0,1,3,2,350,904,0,1,1,4,0,0,61000
376,8846,0,5,3,4,298,914,0,2,1,5,576,0,148000
377,11143,0,8,3,4,0,1580,886,4,1,8,610,0,340000
378,11394,0,9,3,4,1445,1856,0,1,1,8,834,0,394432
379,8123,0,6,3,3,0,1007,793,3,1,7,463,0,179000
380,5000,0,5,3,3,218,1026,665,3,1,6,308,0,127000
381,7200,0,7,3,4,0,1301,0,2,1,5,572,0,187750
382,9245,0,7,3,4,0,939,858,3,1,8,639,0,213500
383,9000,0,6,3,3,0,784,0,2,1,5,360,0,76000
384,53107,0,6,3,4,985,1079,874,3,1,9,501,0,240000
385,3182,0,8,3,4,24,1269,0,2,1,6,430,0,192000
386,8410,0,5,3,3,0,658,526,5,1,8,0,0,81000
387,7200,0,6,3,3,631,1125,0,3,1,6,352,0,125000
388,9382,0,7,3,4,0,1479,0,3,1,6,577,0,191000
389,12474,0,10,3,5,1280,1742,590,3,1,9,846,0,426000
390,8405,0,5,3,3,241,961,406,4,1,7,384,0,119000
391,12209,0,6,3,3,690,804,1157,3,1,7,560,0,215000
392,8339,0,5,3,3,0,882,0,3,1,5,294,0,106500
393,7446,0,4,3,3,266,788,0,2,1,4,0,0,100000
394,10134,0,5,3,3,0,735,299,2,1,5,240,0,109000
395,9571,0,5,3,3,739,1144,0,3,1,6,596,0,129000
396,7200,0,5,3,3,777,894,0,2,1,6,600,0,123000
397,7590,0,5,3,3,540,876,936,4,1,8,264,0,169500
398,8967,0,5,3,3,0,1077,0,2,1,6,338,0,67000
399,8125,0,7,3,4,812,1112,438,2,1,7,438,0,241000
400,14963,0,8,3,4,786,1288,0,1,1,4,500,0,245500
401,8767,0,7,3,4,24,1310,0,3,1,6,400,0,164990
402,10200,0,5,3,3,0,672,0,2,1,4,240,0,108000
403,12090,0,8,3,4,0,1165,1098,4,1,10,420,0,258000
404,10364,0,6,3,3,0,806,766,3,1,7,373,0,168000
405,9991,0,4,3,3,1116,1620,0,3,1,8,490,0,150000
406,10480,0,6,3,3,0,1166,0,3,1,6,240,0,115000
407,15576,0,6,3,3,0,840,840,4,1,8,308,0,177000
408,14154,0,7,3,4,0,1071,1101,3,1,9,947,0,280000
409,10800,0,8,3,4,789,1050,1028,3,1,8,836,0,339750
410,9571,0,5,3,3,0,1276,0,3,1,5,350,0,60000
411,34650,0,5,3,3,1056,1056,0,3,1,5,572,0,145000
412,4403,0,7,3,5,578,1478,0,2,1,7,484,0,222000
413,8960,0,5,3,3,0,1028,0,2,1,5,360,0,115000
414,11228,0,7,3,4,50,1080,1017,3,1,9,678,0,228000
415,8899,0,7,3,4,24,1340,0,3,1,6,396,0,181134
416,7844,0,6,3,3,209,672,728,3,1,6,440,0,149500
417,22420,0,6,3,3,1128,1370,1254,4,1,10,864,0,239000
418,8160,0,5,3,3,312,756,378,3,1,7,240,0,126000
419,8450,0,5,3,3,775,1056,0,3,1,6,304,0,142000
420,7060,0,7,3,3,1309,1344,0,2,2,8,784,0,206300
421,16635,0,6,3,4,1246,1602,0,3,1,8,529,0,215000
422,21750,0,5,3,3,0,988,0,2,1,4,520,0,113000
423,9200,0,8,3,4,986,1470,1160,4,1,8,696,0,315000
424,9000,0,6,3,3,616,1196,0,2,1,6,297,0,139000
425,3378,0,7,3,3,0,707,682,3,1,6,240,0,135000
426,12800,0,7,3,4,1518,1644,0,2,1,5,569,0,275000
427,8593,0,4,3,3,288,907,0,3,1,5,352,0,109008
428,6762,0,7,3,4,664,1208,0,2,1,6,628,0,195400
429,11457,0,6,3,3,1005,1412,0,3,1,6,576,0,175000
430,1680,0,6,3,3,387,483,504,2,1,4,264,0,85400
431,5586,0,6,3,3,0,1088,110,4,1,7,0,0,79900
432,1920,0,5,3,3,471,765,600,2,1,6,440,0,122500
433,10839,0,6,3,3,0,926,678,3,1,7,470,0,181000
434,1890,0,4,3,3,495,630,0,1,1,3,0,0,81000
435,10667,0,7,3,4,385,827,834,3,1,6,550,0,212000
436,4400,0,6,3,3,0,734,384,2,1,6,440,0,116000
437,6000,0,6,3,4,0,904,0,2,1,4,180,0,119000
438,4280,0,5,3,3,365,694,0,2,1,4,352,0,90350
439,12354,0,6,3,3,0,684,512,3,1,7,528,0,110000
440,15431,0,10,3,5,1767,2402,0,2,1,10,672,0,555000
441,12108,0,4,3,3,133,1440,0,4,2,8,0,0,118000
442,6240,0,5,3,3,0,1128,445,3,1,8,360,0,162900
443,3922,0,7,3,4,0,1258,0,2,1,6,648,0,172500
444,8750,0,7,3,4,642,933,975,4,1,8,493,0,210000
445,9855,0,6,3,3,0,1689,0,3,1,7,480,0,127500
446,16492,0,6,3,4,247,1888,0,2,1,6,578,0,190000
447,11214,0,7,3,4,0,956,930,4,1,10,431,0,199900
448,8600,0,6,3,3,0,780,596,3,1,7,198,0,119500
449,6000,0,3,3,3,331,679,504,2,1,6,308,0,120000
450,5684,0,6,3,3,0,813,0,2,1,5,270,0,110000
451,70761,0,7,6,3,655,1533,0,2,1,5,576,0,280000
452,9303,0,6,3,4,742,888,868,3,1,7,422,0,204000
453,9000,0,8,3,4,0,786,804,3,1,6,676,0,210000
454,9297,0,5,3,3,1606,1728,0,4,2,8,560,0,188000
455,9600,0,7,3,3,916,1242,0,3,1,6,528,0,175500
456,4571,0,5,3,3,0,624,720,4,1,7,513,0,98000
457,53227,0,4,1,3,1116,1663,0,2,1,6,529,0,256000
458,5100,0,8,3,3,0,833,833,3,1,7,228,0,161000
459,7015,0,5,3,3,185,979,224,3,1,5,352,0,110000
460,8004,0,8,3,4,544,832,1103,3,1,8,552,0,263435
461,7200,0,7,3,4,350,575,560,3,1,6,576,0,155000
462,8281,0,5,3,3,553,864,0,3,1,5,360,0,62383
463,11988,0,6,3,3,326,849,811,3,1,6,240,0,188700
464,8430,0,5,3,3,616,1040,0,3,1,5,0,0,124000
465,3072,0,7,3,4,0,1414,0,2,1,6,398,0,178740
466,10628,0,7,1,3,778,1277,0,2,1,5,526,0,167000
467,9480,0,5,3,3,386,888,756,3,1,7,312,0,146500
468,11428,0,8,3,4,0,1634,0,3,1,7,866,0,250000
469,9291,0,6,3,4,426,832,878,3,1,7,506,0,187000
470,6820,0,8,3,4,368,1502,0,1,1,4,528,0,212000
471,11952,0,7,4,3,0,1161,808,3,1,8,534,0,190000
472,3675,0,6,3,3,459,1072,0,2,1,5,525,0,148000
473,14977,0,8,3,4,1350,1976,0,2,1,7,908,0,440000
474,5330,0,8,3,4,1196,1652,0,2,1,6,499,0,251000
475,8480,0,5,3,3,630,970,0,2,1,5,624,0,132500
476,13125,0,6,3,3,994,1493,0,3,1,7,508,0,208900
477,13693,0,9,3,5,0,2069,574,3,1,9,694,0,380000
478,10637,0,8,3,4,1288,1718,0,3,1,7,826,0,297000
479,5925,0,4,3,3,168,1131,0,2,1,7,672,0,89471
480,16033,0,9,3,4,1261,1850,0,3,1,8,772,0,326000
481,11846,0,9,3,4,1567,1792,0,2,1,6,874,0,374000
482,2500,0,7,3,4,299,916,910,4,1,7,164,0,155000
483,4500,0,6,3,3,897,1216,0,2,1,5,402,0,164000
484,7758,0,5,3,3,588,999,0,3,1,6,264,0,132500
485,9600,0,5,3,4,607,1113,0,3,1,5,264,0,147000
486,10289,0,5,3,3,836,1073,0,3,1,6,515,0,156000
487,12243,0,5,3,3,998,1484,0,3,1,7,487,0,175000
488,10800,0,5,3,3,664,1766,648,3,2,10,520,0,160000
489,1526,0,4,3,3,515,630,0,1,1,3,286,0,86000
490,2665,0,5,3,3,0,616,688,3,1,4,336,0,115000
491,9490,0,6,3,3,403,958,620,3,1,5,240,0,133000
492,15578,0,6,3,4,0,728,728,3,1,8,429,0,172785
493,7931,0,5,3,3,374,1269,0,3,1,6,308,0,155000
494,5784,0,5,3,3,0,886,0,2,1,4,273,0,91300
495,7879,0,4,3,3,495,720,0,2,1,4,0,0,34900
496,12692,0,8,3,4,1231,3228,0,4,1,10,546,0,430000
497,9120,0,7,3,3,329,1133,687,4,1,8,240,0,184000
498,7800,0,5,3,3,450,899,0,3,1,5,288,0,130000
499,7535,0,5,3,3,111,912,0,2,1,5,297,0,120000
500,1890,0,6,3,3,356,672,546,3,1,7,264,0,113000
501,9803,0,7,3,4,400,866,902,3,1,7,603,0,226700
502,9170,0,5,3,3,698,1214,0,2,1,6,461,0,140000
503,15602,0,7,3,3,1247,1801,0,1,1,6,484,0,289000
504,2308,0,6,3,3,257,855,467,3,1,6,440,0,147000
505,7596,0,5,3,3,0,960,1000,4,2,10,400,0,124500
506,9554,0,8,3,4,380,1065,846,3,1,8,471,0,215000
507,7862,0,6,3,4,27,1218,0,2,1,4,676,0,208300
508,9600,0,7,3,3,141,689,689,3,1,7,360,0,161000
509,9600,0,5,3,3,991,1041,0,3,1,6,270,0,124500
510,14559,0,5,3,4,650,1363,0,2,1,6,288,0,164900
511,6792,0,7,3,4,0,1368,0,2,1,6,474,0,202665
512,9100,0,5,3,3,521,864,0,3,1,5,624,0,129900
513,9187,0,6,3,3,336,1080,0,3,1,5,484,0,134000
514,10594,0,5,3,3,0,789,0,2,1,5,200,0,96500
515,12220,0,10,3,5,1436,2020,0,3,1,9,900,0,402861
516,10448,0,6,3,3,0,1378,741,3,1,7,583,0,158000
517,10208,0,7,3,4,0,1277,1067,3,1,7,889,0,265000
518,9531,0,6,3,3,706,882,914,3,1,7,546,0,211000
519,10918,0,7,3,4,0,1276,804,3,1,9,282,0,234000
520,10800,0,4,3,3,0,694,600,3,2,7,0,0,106250
521,11988,0,6,3,3,777,1244,0,3,1,6,336,0,150000
522,5000,0,6,3,3,399,1004,660,3,1,7,420,0,159000
523,40094,1,10,3,5,2260,3138,1538,3,1,11,884,0,184750
524,11787,0,7,3,4,719,1383,1015,3,1,8,834,0,315750
525,7500,0,7,3,4,0,1266,0,3,1,6,453,0,176000
526,13300,0,5,3,3,377,928,0,2,1,4,252,0,132000
527,14948,0,9,3,5,1330,1476,1237,3,1,11,858,0,446261
528,9098,0,4,3,3,348,605,0,2,1,5,0,0,86000
529,32668,0,6,3,4,1219,2515,0,4,2,9,484,0,200624
530,10200,0,6,3,4,783,1509,0,3,1,5,600,0,175000
531,6155,-1,6,3,3,0,751,611,3,1,6,502,0,128000
532,7200,0,5,3,3,0,827,0,2,1,5,392,0,107500
533,5000,0,1,3,2,0,334,0,1,1,2,0,0,39300
534,9056,0,8,3,4,0,707,707,3,1,6,403,0,178000
535,7000,0,5,3,3,969,820,527,3,1,5,0,0,107500
536,8924,0,7,3,3,0,880,844,3,1,8,527,0,188000
537,12735,0,4,3,3,600,864,0,3,1,5,576,0,111250
538,11553,0,5,3,3,673,1159,0,3,1,7,336,0,158000
539,11423,0,8,3,4,1358,1601,0,3,1,6,670,0,272000
540,14601,0,9,3,5,1260,1838,0,2,1,8,765,0,315000
541,11000,0,8,3,4,0,997,1288,4,1,8,648,0,248000
542,10140,0,7,3,4,144,1680,0,3,1,7,583,0,213250
543,4058,0,7,3,3,584,767,0,1,1,4,367,0,133000
544,17104,0,7,3,4,554,664,832,3,1,7,426,0,179665
545,13837,0,7,3,4,1002,1377,806,4,1,9,786,0,229000
546,8737,0,6,3,3,300,915,720,3,1,6,440,0,210000
547,7244,0,5,3,3,619,768,0,2,1,5,624,0,129500
548,8235,-1,5,3,3,180,825,0,2,1,4,720,0,125000
549,9375,0,7,3,4,0,912,1182,4,1,8,615,0,263000
550,4043,0,6,3,3,559,1069,0,2,1,4,440,0,140000
551,6000,0,5,3,3,308,928,0,3,1,5,288,0,112500
552,11146,0,8,3,4,0,1717,0,3,1,7,908,0,255500
553,8777,0,4,3,3,0,1126,0,2,1,5,520,0,108000
554,10625,0,7,3,4,866,1006,1040,3,1,8,871,0,284000
555,6380,0,5,3,3,0,1048,0,2,1,5,280,0,113000
556,14850,0,5,3,3,895,1092,0,2,1,6,299,0,141000
557,11040,0,4,3,3,637,897,439,3,1,7,570,0,108000
558,21872,0,7,3,3,604,729,717,3,1,6,406,0,175000
559,3196,0,7,3,4,0,1557,0,2,1,7,420,0,234000
560,11341,0,5,3,3,1302,1392,0,3,1,5,528,0,121500
561,10010,0,5,3,3,1071,1389,0,2,1,6,418,0,170000
562,13907,0,5,3,3,290,996,0,3,1,6,0,0,108000
563,21780,0,6,3,3,0,1163,511,4,1,8,396,0,185000
564,13346,0,7,3,4,728,1166,1129,4,1,9,590,0,268000
565,6858,0,6,3,3,0,841,806,4,1,6,216,0,128000
566,11198,0,9,3,4,0,1134,1370,4,1,11,656,0,325000
567,10171,0,7,3,4,2,1535,0,3,1,7,532,0,214000
568,12327,0,8,3,4,1441,1496,636,1,1,5,612,0,316600
569,7032,0,5,3,3,943,943,0,2,1,4,600,0,135960
570,13101,0,5,3,3,231,1728,0,6,2,10,576,0,142600
571,7332,0,6,3,3,414,864,0,2,1,4,288,0,120000
572,13159,0,7,3,3,0,846,846,3,1,6,650,0,224500
573,9967,0,7,3,3,0,774,656,3,1,8,400,0,170000
574,10500,0,5,3,3,349,576,533,3,1,5,288,0,139000
575,8480,0,5,3,3,442,832,384,2,1,6,336,0,118500
576,6292,0,7,3,3,0,877,600,3,1,6,216,0,145000
577,11777,0,5,3,3,328,1320,0,3,1,6,564,0,164500
578,3604,0,7,3,4,0,703,689,2,1,5,540,0,146000
579,12150,0,5,3,3,0,1050,745,4,1,7,352,0,131500
580,14585,0,6,3,3,594,1429,0,3,1,7,572,0,181900
581,12704,0,8,3,5,0,2042,0,3,1,8,1390,0,253293
582,11841,0,6,3,3,816,816,0,3,1,5,0,0,118500
583,13500,1,10,3,5,0,1521,1254,3,1,9,880,0,325000
584,6120,0,4,3,3,0,989,584,3,1,6,240,0,133000
585,11443,0,8,3,4,1460,2028,0,2,1,7,880,0,369900
586,10267,0,6,3,3,210,838,0,2,1,5,275,0,130000
587,8740,0,5,3,3,672,860,0,2,1,4,528,0,137000
588,25095,0,5,1,3,1324,1473,0,1,1,5,452,0,143000
589,9100,-1,5,3,3,0,779,0,2,1,4,308,0,79500
590,8320,0,7,3,4,490,770,812,3,1,6,520,0,185900
591,13478,0,10,3,5,1338,1728,568,3,1,10,842,0,451950
592,6600,0,5,3,3,816,816,0,2,1,4,816,0,138000
593,4435,0,6,3,4,685,848,0,1,1,4,420,0,140000
594,7990,0,5,3,3,0,924,0,3,1,5,280,0,110000
595,11302,0,8,3,4,1422,1826,0,3,1,7,758,0,319000
596,3600,0,6,3,3,0,684,684,3,1,7,216,0,114504
597,3922,0,7,3,4,0,1402,0,2,1,7,648,0,194201
598,12984,0,5,3,3,1283,1647,0,3,1,7,621,0,217500
599,1950,0,6,3,3,81,716,840,3,1,6,452,0,151000
600,10927,0,8,3,4,546,1058,846,3,1,8,736,0,275000
601,9000,0,6,3,3,0,780,595,3,1,6,544,0,141000
602,10041,0,8,3,4,789,927,988,3,1,8,506,0,220000
603,3182,0,7,3,4,0,600,600,2,1,4,480,0,151000
604,12803,0,7,3,4,922,1494,0,3,1,6,530,0,221000
605,13600,0,7,3,3,454,1186,800,3,1,7,486,0,205000
606,12464,0,5,3,3,732,1040,0,3,1,6,576,0,152000
607,7800,0,5,3,3,603,1112,896,3,1,8,230,0,225000
608,12168,0,8,3,3,428,1940,1254,4,1,10,380,0,359100
609,7943,0,4,3,3,903,1029,0,3,1,5,261,0,118500
610,11050,0,9,3,4,904,1476,677,3,1,8,736,0,313000
611,10395,0,6,3,3,605,1032,0,3,1,6,564,0,148000
612,11885,0,8,3,4,990,1299,573,3,1,7,531,0,261500
613,8402,0,5,3,3,206,1120,0,3,1,6,0,0,147000
614,1491,0,4,3,3,150,630,0,1,1,3,0,0,75500
615,8800,0,6,3,3,763,1054,0,3,1,6,480,0,137500
616,7861,0,6,3,4,457,807,702,3,1,7,393,0,183200
617,7227,0,6,3,3,0,832,0,2,1,4,528,0,105500
618,11694,0,9,3,5,48,1828,0,3,1,9,774,0,314813
619,12244,0,8,3,4,871,1482,780,4,1,10,749,0,305000
620,8248,0,3,3,3,41,864,0,2,1,5,0,0,67000
621,10800,0,6,3,3,956,1548,1066,4,1,9,624,0,240000
622,7064,0,5,3,3,560,980,0,3,1,6,484,0,135000
623,2117,0,6,3,4,420,756,756,2,1,4,440,0,168500
624,10400,0,6,3,3,247,1012,778,4,1,8,484,0,165150
625,10000,0,6,3,3,0,1116,0,3,1,5,440,0,160000
626,12342,0,5,3,3,0,1422,0,3,1,6,286,0,139900
627,9600,0,6,3,3,674,1520,0,3,1,7,364,0,153000
628,11606,0,5,3,3,650,1040,1040,5,1,9,504,0,135000
629,9020,0,6,6,3,624,1350,0,3,1,6,520,0,168500
630,9000,0,5,3,3,0,1089,661,3,1,8,240,0,124000
631,4590,0,8,3,4,24,1554,0,2,1,6,627,0,209500
632,11900,0,7,3,3,822,1411,0,3,1,6,544,0,82500
633,9250,0,5,3,3,480,1056,0,3,1,6,260,0,139400
634,6979,0,6,3,3,1056,1056,0,0,2,4,576,0,144000
635,10896,0,6,3,2,256,1440,1440,8,2,14,0,0,200000
636,6120,0,2,3,2,0,800,0,1,1,4,0,0,60000
637,6000,0,5,3,3,0,811,576,3,2,7,256,0,93000
638,8777,0,5,3,3,0,796,0,2,1,4,0,0,85000
639,3982,0,8,3,4,1154,1567,0,1,1,7,648,0,264561
640,12677,0,8,3,5,1218,1518,0,1,1,6,588,0,274000
641,7050,0,7,3,4,738,1057,872,3,1,7,650,0,226000
642,13860,0,8,3,4,1410,2000,704,4,1,9,538,0,345000
643,10793,0,5,3,3,493,780,840,4,1,7,462,0,152000
644,9187,0,9,3,5,1121,1766,0,2,1,7,478,0,370878
645,10530,0,6,3,3,282,981,0,3,1,5,576,0,143250
646,7200,0,5,3,3,0,1048,0,3,1,7,420,0,98300
647,10452,0,6,3,3,500,1094,0,3,1,5,495,0,155000
648,7700,0,6,3,3,0,1051,788,4,1,7,442,0,155000
649,1936,0,4,3,3,131,630,0,1,1,3,0,0,84500
650,8125,0,7,3,4,0,822,843,3,1,7,562,0,205950
651,9084,0,4,3,3,0,755,755,4,1,7,296,0,108000
652,8750,0,7,3,4,0,909,807,2,1,7,512,0,191000
653,10320,0,6,3,3,0,756,713,3,1,7,216,0,135000
654,10437,0,8,3,4,1696,2113,0,2,1,7,839,0,350000
655,1680,0,6,3,3,0,525,567,3,1,6,264,0,88000
656,10007,0,5,3,4,806,1053,0,3,1,5,312,0,145500
657,7200,0,7,3,3,0,851,651,3,1,6,270,0,149000
658,17503,0,6,3,3,0,912,546,3,1,6,330,0,97500
659,9937,0,5,3,3,637,1486,0,3,1,7,480,0,167000
660,12384,0,7,3,3,0,1142,793,3,1,7,550,0,197900
661,46589,0,8,3,4,1361,1686,762,4,1,8,711,0,402000
662,13560,0,6,3,3,0,1392,0,2,1,5,576,0,110000
663,10012,0,4,3,3,920,1181,0,3,1,6,588,0,137500
664,20896,0,8,3,4,1721,2097,0,1,1,8,1134,0,423000
665,11194,0,8,3,4,0,1454,482,3,1,7,504,0,230500
666,18450,0,6,1,3,187,1465,915,3,1,7,596,0,129000
667,8125,0,6,3,3,1138,1679,0,3,1,7,575,0,193500
668,14175,0,5,3,3,988,1437,0,3,1,6,576,0,168000
669,11600,0,4,3,3,0,1180,0,2,1,5,252,0,137500
670,8633,0,6,3,4,193,738,738,3,1,7,540,0,173500
671,6629,0,6,3,3,551,697,672,3,1,6,300,0,103600
672,11250,0,6,3,4,767,1208,0,3,1,6,546,0,165000
673,14442,0,6,3,3,1186,1839,0,3,1,7,416,0,257500
674,9200,0,6,3,3,892,1136,0,3,1,5,384,0,140000
675,2289,0,6,3,3,311,855,586,3,1,7,440,0,148500
676,9600,0,4,3,3,0,1095,679,4,2,8,779,0,87000
677,9022,0,5,3,4,0,792,0,2,1,5,240,0,109500
678,11844,0,8,3,4,0,2046,0,3,1,7,834,0,372500
679,9945,0,5,3,3,827,988,0,3,1,5,572,0,128500
680,8012,0,6,3,3,543,923,0,2,1,5,264,0,143000
681,4500,0,5,3,3,182,848,672,3,1,6,281,0,159434
682,2887,0,6,3,3,1003,1291,0,2,1,6,431,0,173000
683,11248,0,9,3,4,1059,1668,0,3,1,7,702,0,285000
684,16770,0,7,3,4,0,1195,644,4,1,7,486,0,221000
685,5062,0,7,3,4,828,1190,900,3,1,6,577,0,207500
686,10207,0,7,3,4,0,874,887,3,1,7,578,0,227875
687,5105,0,7,3,4,239,551,551,2,1,4,480,0,148800
688,8089,0,8,3,4,945,1419,0,2,1,7,567,0,392000
689,7577,0,6,3,4,20,1362,0,2,1,6,460,0,194700
690,4426,0,6,3,4,697,848,0,1,1,3,420,0,141000
691,21535,0,10,6,5,1455,2444,1872,4,1,10,832,0,755000
692,26178,0,7,3,4,965,1238,1281,4,1,9,628,0,335000
693,5400,0,5,3,3,0,1073,0,2,1,4,326,0,108480
694,6120,0,5,3,3,0,1067,472,3,1,5,576,0,141500
695,13811,0,6,3,3,980,1137,0,2,1,5,551,0,176000
696,6000,0,5,3,3,616,616,0,2,1,4,205,0,89000
697,6420,0,5,3,3,210,1148,0,2,1,6,308,0,123500
698,8450,0,5,3,3,553,894,0,3,1,5,336,0,138500
699,4282,0,7,3,4,16,1391,0,2,1,5,530,0,196000
700,14331,0,8,3,4,1274,1800,0,3,1,7,765,0,312500
701,9600,0,7,3,3,0,1164,0,3,1,6,528,0,140000
702,12438,0,8,3,5,0,1264,1312,4,1,10,666,0,361919
703,7630,0,5,3,3,0,1032,780,4,2,8,672,0,140000
704,8400,0,7,3,4,712,1484,0,3,1,7,606,0,213000
705,5600,0,4,3,2,0,372,720,3,2,7,0,0,55000
706,115149,0,7,3,3,1219,1824,0,2,1,5,739,0,302000
707,6240,0,8,3,4,863,1324,0,2,1,6,550,0,254000
708,9018,0,7,3,4,0,728,728,3,1,8,400,0,179540
709,7162,0,5,3,3,0,904,0,3,1,6,408,0,109900
710,4130,0,3,3,4,0,729,0,2,1,5,0,0,52000
711,8712,0,4,3,3,0,859,319,2,1,7,384,0,102776
712,4671,0,8,3,4,767,1228,0,2,1,5,472,0,189000
713,9873,0,4,3,3,789,960,0,3,1,6,576,0,129000
714,13517,0,6,3,4,533,725,754,3,1,6,475,0,130500
715,10140,0,6,3,3,0,1350,0,3,1,7,478,0,165000
716,10800,0,7,3,3,0,1576,978,3,1,8,704,0,159500
717,10000,0,5,3,3,1084,1178,0,3,1,5,439,0,157000
718,10542,0,7,3,4,1173,1325,1093,3,1,9,983,0,341000
719,9920,0,5,3,3,523,971,0,3,1,5,300,0,128500
720,6563,0,8,3,4,1148,1742,0,2,1,5,564,0,275000
721,4426,0,6,3,4,662,848,0,1,1,3,420,0,143000
722,8120,0,4,3,3,191,864,0,3,1,5,463,0,124500
723,8172,0,4,3,3,0,997,473,4,1,7,548,0,135000
724,13286,0,9,3,5,1234,1698,0,3,1,8,768,0,320000
725,6960,0,4,3,3,375,864,0,3,1,5,660,0,120500
726,21695,0,6,3,4,808,1680,0,3,1,5,540,0,222000
727,7314,0,7,3,4,724,1232,0,2,1,6,632,0,194500
728,11475,0,5,3,3,0,1776,0,4,2,9,888,0,110000
729,6240,0,4,3,3,152,848,0,2,1,5,539,0,103000
730,5389,0,8,3,4,1180,1616,0,2,1,5,608,0,236500
731,9590,0,7,3,4,786,1146,0,3,1,6,438,0,187500
732,11404,0,7,3,4,252,1153,878,3,1,8,541,0,222500
733,10000,0,5,3,3,594,1144,0,3,1,6,264,0,131400
734,8978,0,5,3,3,0,948,0,3,1,6,300,0,108000
735,10800,0,7,3,3,390,880,888,2,1,6,320,0,163000
736,8544,0,3,3,3,0,1040,0,2,2,6,400,0,93500
737,10463,0,8,3,4,0,901,900,3,1,8,800,0,239900
738,10800,0,5,3,3,1200,1200,0,3,1,5,0,0,179000
739,9313,0,7,3,4,0,864,864,3,1,7,572,0,190000
740,9600,0,5,3,3,0,768,664,2,1,7,360,0,132000
741,6768,0,6,3,3,832,912,0,3,1,5,288,0,142000
742,8450,0,7,3,3,0,1349,0,3,1,6,539,0,179000
743,12886,0,5,3,3,444,1464,0,3,1,6,480,0,175000
744,5395,0,8,3,4,733,1337,0,2,1,5,462,0,180000
745,8963,0,8,3,5,575,1175,1540,4,1,11,831,0,299800
746,8795,0,7,3,4,300,980,1276,4,1,8,554,0,236000
747,11700,0,7,3,4,0,1320,1320,4,1,8,864,0,265979
748,10593,0,7,3,4,919,1720,0,3,1,7,527,0,260400
749,8405,0,4,3,3,0,1088,441,4,1,9,240,0,98000
750,8800,0,4,3,3,0,792,348,3,1,7,0,0,96500
751,7750,0,7,3,4,0,660,660,3,1,6,400,0,162000
752,9236,0,6,3,3,1200,1494,0,3,1,6,576,0,217000
753,10240,0,8,3,4,0,1038,1060,3,1,8,878,0,275500
754,7930,0,6,3,3,439,1026,0,3,1,5,440,0,156000
755,3230,0,6,3,3,381,742,729,3,1,6,440,0,172500
756,10769,0,8,3,4,20,866,902,3,1,7,578,0,212000
757,11616,0,6,3,3,438,672,714,3,1,6,440,0,158900
758,2280,0,7,3,3,549,757,744,3,1,6,440,0,179400
759,12257,0,8,3,4,56,1328,1203,4,1,9,752,0,290000
760,9100,0,6,3,3,612,864,0,2,1,5,300,0,127500
761,6911,0,5,3,3,405,1301,0,2,1,5,440,0,100000
762,8640,0,7,3,3,24,764,783,3,1,7,614,0,215200
763,9430,0,8,3,4,1163,1268,1097,3,1,8,856,0,337000
764,9549,0,8,3,4,437,1494,0,2,1,6,481,0,270000
765,14587,0,9,3,4,0,1506,0,2,1,6,592,0,264132
766,10421,0,7,3,3,394,980,734,3,1,7,496,0,196500
767,12508,0,6,3,3,660,983,767,4,1,7,423,0,160000
768,9100,0,7,3,4,24,1836,0,3,1,8,484,0,216837
769,53504,0,8,3,5,1416,1690,1589,4,1,12,841,0,538000
770,7252,0,5,3,3,685,858,0,2,1,5,576,0,134900
771,8877,0,4,3,3,836,1220,0,2,1,6,396,0,102000
772,7819,0,6,3,3,422,1117,0,3,1,6,672,0,107000
773,10150,0,5,3,3,456,912,0,2,1,5,275,0,114500
774,14226,0,8,3,4,0,1973,0,3,1,9,895,0,395000
775,4500,0,6,3,3,866,1204,0,2,1,5,412,0,162000
776,11210,0,7,3,4,20,1614,0,3,1,7,865,0,221500
777,13350,0,5,3,3,762,894,0,3,1,5,440,0,142500
778,8400,0,5,3,3,0,2020,0,4,2,10,630,0,144000
779,10530,0,6,3,3,975,1004,0,2,1,4,504,0,135000
780,7875,0,7,3,3,0,1253,0,3,1,6,402,0,176000
781,7153,0,6,3,4,387,810,793,3,1,7,484,0,175900
782,16285,0,7,3,4,0,1430,0,3,1,6,605,0,187100
783,9101,0,5,3,3,1097,1110,0,1,1,4,602,0,165500
784,6300,0,6,3,3,0,742,742,3,1,9,0,0,128000
785,9790,0,6,3,3,251,1342,0,3,1,7,457,0,161500
786,10800,0,5,3,3,686,966,686,4,1,7,416,0,139000
787,10142,0,7,3,4,656,956,1128,4,1,8,618,0,233000
788,6000,0,4,3,3,0,901,0,2,1,4,281,0,107900
789,12205,0,6,3,3,568,976,1111,5,1,9,444,0,187500
790,3182,0,7,3,4,16,1145,0,2,1,5,397,0,160200
791,11333,0,6,3,3,539,1062,0,3,1,5,539,0,146800
792,9920,0,7,3,4,862,1127,886,3,1,8,455,0,269790
793,9158,0,8,3,4,0,1496,0,3,1,7,474,0,225000
794,10832,0,7,3,4,0,1086,809,3,1,7,409,0,194500
795,8400,0,6,3,3,0,888,676,3,1,7,476,0,171000
796,8197,0,6,3,3,0,1285,0,3,1,7,528,0,143500
797,7677,0,5,3,3,570,773,0,2,1,4,240,0,110000
798,13518,0,9,3,5,0,1966,1174,4,1,11,820,0,485000
799,7200,0,5,3,3,569,981,787,3,1,7,240,0,175000
800,12798,0,6,3,3,462,616,1072,4,1,8,603,0,200000
801,4800,0,4,3,3,197,1196,0,2,1,5,440,0,109900
802,8199,0,7,3,4,648,728,728,3,1,7,410,0,189000
803,13891,0,9,3,5,0,1734,1088,4,1,12,1020,0,582933
804,9000,0,5,3,3,812,1128,0,2,1,5,286,0,118000
805,12274,0,7,3,4,0,1428,0,3,1,6,554,0,227680
806,9750,0,5,3,3,400,980,0,3,1,6,384,0,135500
807,21384,0,5,3,3,1309,1072,504,3,1,6,528,0,223500
808,13400,0,5,3,3,516,1086,0,3,1,6,484,0,159950
809,8100,0,5,3,3,0,1075,1063,2,3,11,360,0,106000
810,10140,0,6,3,3,663,1309,0,3,1,5,484,1,181000
811,4438,0,6,3,4,662,848,0,1,1,4,420,0,144500
812,8712,0,5,3,2,0,1044,0,2,1,4,504,0,55993
813,9750,0,6,3,3,608,1442,0,4,1,7,301,0,157900
814,8248,0,5,3,3,0,686,564,3,1,7,280,0,116000
815,12137,0,7,3,3,0,1661,0,3,1,6,598,0,224900
816,11425,0,5,3,3,486,1008,0,2,1,4,275,0,137000
817,13265,0,8,3,4,1218,1689,0,3,1,7,857,0,271000
818,8816,0,6,3,3,504,1052,0,3,1,6,440,0,155000
819,6371,0,7,3,4,733,1358,0,2,1,6,484,0,224000
820,7226,0,7,3,4,0,798,842,3,1,6,595,0,183000
821,6000,0,4,3,2,0,936,0,2,1,4,576,0,93000
822,12394,0,7,3,4,0,847,886,3,1,7,433,0,225000
823,9900,0,6,3,3,0,944,545,3,1,7,240,0,139500
824,11216,0,8,3,4,0,1489,0,3,1,7,776,0,232600
825,14803,1,10,3,5,1636,2084,0,2,1,7,1220,0,385000
826,6130,0,5,3,3,784,784,0,2,1,5,0,0,109500
827,8529,0,7,3,4,20,1434,0,3,1,6,527,0,189000
828,28698,0,5,1,3,249,1160,966,3,1,7,538,0,185000
829,2544,0,7,3,4,0,520,623,2,1,4,480,0,147400
830,11900,0,6,3,3,1040,1392,0,3,1,6,458,0,166000
831,3180,0,7,3,3,0,520,600,2,1,4,480,0,151000
832,9548,0,7,3,4,483,941,888,3,1,7,613,0,237000
833,10004,0,6,3,3,196,1516,0,3,1,6,472,0,167000
834,7875,0,5,3,3,572,1144,0,3,1,6,456,0,139950
835,9600,0,4,3,3,442,1067,0,2,1,4,436,0,128000
836,8100,0,5,3,3,338,1559,0,2,1,5,812,0,153500
837,1680,0,6,3,3,330,483,504,2,1,5,264,0,100000
838,9525,0,5,3,3,0,1099,0,3,1,6,352,0,144000
839,11767,0,5,3,3,352,768,432,3,1,6,240,0,130500
840,12155,0,6,3,3,156,810,672,4,1,7,400,0,140000
841,10440,0,5,3,3,0,958,581,3,1,8,686,0,157500
842,9020,0,6,3,3,312,1165,0,3,1,6,490,0,174900
843,8000,0,5,3,3,0,1800,0,6,2,10,0,0,141000
844,12665,0,5,3,3,0,876,540,4,1,7,720,0,153900
845,16647,0,5,3,3,1390,1701,0,3,1,6,611,0,171000
846,9317,0,7,3,4,513,1006,769,3,1,7,425,0,213000
847,15523,0,5,3,3,460,864,0,3,1,5,338,0,133500
848,45600,0,6,3,3,0,1307,1051,5,1,10,360,0,240000
849,9600,0,6,3,4,0,1094,761,3,1,7,512,0,187000
850,4435,0,6,3,4,659,848,0,1,1,3,420,0,131500
851,3196,0,8,3,4,0,1456,0,2,1,7,400,0,215000
852,7128,0,7,3,3,364,918,728,4,1,7,240,0,164000
853,12095,0,6,3,3,564,1445,0,3,1,7,645,0,158000
854,17920,0,5,3,3,306,1779,0,3,1,6,454,0,170000
855,6897,0,5,3,3,659,1040,0,3,1,6,260,0,127000
856,10970,0,6,3,3,505,1026,0,3,1,5,576,0,147000
857,8125,0,6,3,3,0,702,779,3,1,6,343,0,174000
858,10400,0,7,3,3,0,1370,0,3,1,6,479,0,152000
859,11029,0,6,3,3,619,1512,1142,4,1,9,619,0,250000
860,7642,0,7,3,4,0,912,514,3,1,7,216,0,189950
861,11625,0,5,3,3,841,1039,0,3,1,6,504,0,131500
862,9672,0,6,3,3,338,1097,0,3,1,6,480,0,152000
863,7931,0,5,3,3,1148,1148,0,3,1,6,672,0,132500
864,8640,0,7,3,4,0,1372,0,3,1,6,529,0,250580
865,8750,0,5,3,3,828,1002,0,3,1,5,902,0,148500
866,10656,0,8,3,4,0,1646,0,3,1,6,870,0,248900
867,6970,0,4,3,3,932,1120,0,3,1,5,544,0,129000
868,14762,0,5,3,3,0,1547,720,2,1,7,672,0,169000
869,9938,0,7,3,4,750,1062,887,3,1,8,574,0,236000
870,6600,0,5,3,3,0,894,0,2,1,5,308,0,109500
871,8750,0,6,3,3,505,804,878,3,1,7,523,0,200500
872,8892,0,5,3,4,0,910,0,3,1,5,414,0,116000
873,12144,0,5,3,4,375,1036,0,3,1,6,288,0,133000
874,5720,0,5,3,3,0,676,455,3,1,5,200,0,66500
875,9000,0,8,3,4,64,1184,1426,4,1,11,550,0,303477
876,25286,0,4,3,3,633,1040,0,3,1,5,648,0,132250
877,8834,0,9,3,4,1170,1462,762,4,1,10,738,0,350000
878,11782,0,5,3,3,899,1155,0,3,1,6,576,0,148000
879,7000,0,5,3,4,646,864,0,3,1,6,336,0,136500
880,7024,0,5,3,3,980,1090,0,2,1,5,450,0,157000
881,13758,0,7,3,4,902,1187,530,3,1,7,400,0,187500
882,9636,0,6,3,3,0,808,785,3,1,7,389,0,178000
883,6204,0,4,3,4,0,954,795,5,1,10,440,0,118500
884,7150,0,5,3,3,432,892,0,3,1,5,288,0,100000
885,5119,0,9,3,4,1238,1709,0,2,1,5,506,0,328900
886,8393,0,5,3,3,528,1712,0,4,2,8,588,0,145000
887,16466,0,5,3,3,0,872,521,3,1,8,300,0,135500
888,15865,0,8,1,4,351,2217,0,4,1,8,621,0,268000
889,12160,0,6,3,3,1024,1505,0,2,1,6,505,0,149500
890,8064,0,5,3,3,0,672,252,3,1,6,576,0,122900
891,11184,0,6,3,3,226,918,765,3,1,7,440,0,172500
892,8414,0,6,3,3,663,1068,0,3,1,6,264,0,154500
893,13284,0,5,3,3,1064,1383,0,3,1,6,354,0,165000
894,7018,0,5,3,3,0,1535,0,4,2,8,400,0,118858
895,7056,0,6,3,3,400,983,813,4,1,8,483,0,140000
896,8765,0,4,3,3,285,951,0,2,1,6,327,0,106500
897,7018,0,5,3,3,0,1120,1120,6,2,12,528,0,142953
898,12919,0,9,3,5,2188,2364,0,2,1,11,820,0,611657
899,6993,0,5,3,3,465,1236,0,3,1,6,288,0,135000
900,7340,0,4,3,3,322,858,0,2,1,4,684,0,110000
901,8712,0,5,3,3,860,1306,0,2,1,5,756,0,153000
902,7875,0,7,3,4,0,807,702,3,1,8,393,0,180000
903,14859,0,7,3,4,0,1670,0,3,1,7,690,0,240000
904,6173,0,5,3,3,599,902,0,3,1,6,288,0,125500
905,9920,0,5,3,3,354,1063,0,3,1,6,280,0,128000
906,13501,0,8,3,4,63,1636,0,3,1,8,865,0,255000
907,11500,0,7,3,4,223,1020,1037,3,1,6,180,0,250000
908,8885,0,5,3,3,301,902,0,2,1,5,484,0,131000
909,12589,0,6,3,4,0,742,742,3,1,8,390,0,174000
910,11600,0,5,3,3,443,1105,1169,5,2,12,480,0,154300
911,9286,0,5,3,3,196,1268,0,3,1,5,252,0,143500
912,6120,0,5,3,3,489,1015,0,3,1,6,450,0,88000
913,6270,0,5,3,3,284,1001,1001,4,2,8,871,0,145000
914,3000,0,6,3,4,294,612,612,2,1,4,528,0,173733
915,2001,0,4,3,3,0,546,546,3,1,6,286,0,75000
916,9000,0,2,3,3,50,480,0,1,1,4,308,0,35311
917,17140,0,4,3,3,1059,1229,0,3,1,6,284,0,135000
918,13125,0,7,3,4,48,912,1215,4,1,8,833,0,238000
919,11029,0,6,3,5,528,1414,0,3,1,6,601,0,176500
920,8462,0,6,3,4,814,936,785,3,1,7,471,0,201000
921,8777,0,5,3,3,1084,1272,928,4,2,9,0,0,145900
922,10237,0,6,3,4,28,1316,0,3,1,6,397,0,169990
923,8012,0,6,3,4,165,1617,0,2,1,5,533,0,193000
924,10240,0,6,3,3,625,1686,0,3,1,7,612,0,207500
925,15611,0,5,3,3,767,1126,0,3,1,6,540,0,175000
926,11999,0,8,3,4,0,1234,1140,4,1,10,656,0,285000
927,9900,0,7,3,3,552,1098,880,4,1,9,486,0,176000
928,11838,0,8,3,4,0,1788,0,3,1,7,522,0,236500
929,13006,0,7,3,3,0,993,1243,4,1,8,642,0,222000
930,8925,0,8,3,4,16,1466,0,3,1,7,610,0,201000
931,9100,0,5,3,3,338,925,0,2,1,5,429,0,117500
932,11670,0,9,3,5,0,1905,0,3,1,8,788,0,320000
933,8487,0,7,3,4,20,1500,0,3,1,6,570,0,190000
934,27650,0,7,1,3,425,2069,0,4,1,9,505,0,242000
935,5825,0,4,3,3,0,747,0,1,1,5,528,0,79900
936,10083,0,7,3,4,833,1200,0,2,1,5,555,0,184900
937,9675,0,7,3,4,341,1113,858,3,1,8,689,0,253000
938,8760,0,7,3,4,464,1391,571,3,1,7,868,0,239799
939,24090,0,7,3,3,0,1207,1196,4,1,10,349,0,244400
940,12640,0,6,3,3,936,1728,0,4,2,8,574,0,150900
941,8755,0,7,3,4,772,1022,1038,3,1,8,390,0,214000
942,7711,0,4,3,3,1440,1440,0,4,2,8,0,0,150000
943,25000,0,5,3,3,0,1632,0,4,2,8,576,0,143000
944,14375,0,6,3,3,111,1344,0,3,1,7,525,0,137500
945,8820,0,5,3,3,1088,1188,561,2,1,7,456,0,124900
946,8163,0,5,3,3,748,1144,0,3,1,6,796,0,143000
947,14536,0,8,3,4,1300,1629,0,3,1,9,808,0,270000
948,14006,0,7,3,4,0,936,840,3,1,7,474,0,192500
949,9360,0,6,3,3,982,1381,0,3,1,5,676,0,197500
950,7200,0,5,3,3,398,864,0,3,1,5,720,0,129000
951,7800,0,5,3,3,641,965,0,3,1,6,300,0,119900
952,7200,0,5,3,3,660,768,0,2,1,5,396,0,133900
953,11075,0,5,3,3,562,1168,800,4,1,7,530,0,172000
954,9400,0,6,1,3,945,980,0,4,0,4,0,0,127500
955,7136,0,6,3,3,484,979,979,4,2,8,492,0,145000
956,1300,0,6,3,3,285,561,668,2,1,5,462,0,124000
957,7420,0,5,3,3,417,1057,0,3,1,6,576,0,132000
958,8450,0,7,3,4,699,1337,0,3,1,6,531,0,185000
959,2572,0,7,3,4,604,696,720,3,1,6,484,0,155000
960,7207,0,5,3,3,696,858,0,2,1,4,0,0,116500
961,12227,0,6,3,3,896,1542,1330,4,1,11,619,0,272000
962,2308,0,6,3,3,556,804,744,3,1,7,440,0,155000
963,11923,0,9,3,4,0,1800,0,2,1,7,702,0,239000
964,11316,0,7,3,4,624,824,1070,4,1,8,510,0,214900
965,10237,0,6,3,4,0,783,701,3,1,8,393,0,178900
966,9600,0,5,3,4,428,976,332,2,1,7,256,0,160000
967,7390,0,5,3,3,902,1098,0,3,1,6,260,0,135000
968,5925,0,3,3,3,0,600,368,2,1,6,0,0,37900
969,10382,0,6,3,3,513,1095,0,2,1,6,264,0,140000
970,10800,0,4,3,3,0,720,472,4,1,6,0,0,135000
971,2268,0,7,3,4,567,764,862,2,1,6,474,0,173000
972,7892,0,6,3,3,0,918,0,2,1,5,264,0,99500
973,11639,0,7,3,4,0,1428,0,3,1,6,480,0,182000
974,11414,-1,7,3,3,0,1136,883,3,1,8,532,0,167500
975,2651,0,7,3,4,641,673,709,3,1,6,490,0,165000
976,5900,0,4,3,3,0,869,0,2,1,4,0,0,85500
977,4274,0,7,3,4,1106,1241,0,1,1,4,569,0,199900
978,9450,0,4,3,3,552,894,0,3,1,5,400,0,110000
979,8816,0,5,3,3,651,1121,0,3,1,5,480,0,139000
980,12122,0,7,3,5,867,999,0,3,1,6,588,0,178400
981,12203,0,8,3,4,854,1276,1336,4,1,8,676,0,336000
982,3182,0,7,3,4,0,1266,0,2,1,6,388,0,159895
983,11250,0,8,3,4,0,1149,1141,4,1,9,779,0,255900
984,10125,0,5,3,3,0,1302,432,4,2,8,539,0,126000
985,10880,0,5,3,3,1040,1164,0,3,1,5,240,0,125000
986,5310,0,6,3,3,0,1001,634,2,1,5,255,0,117000
987,10159,0,9,3,5,1646,1940,0,3,1,8,606,0,395192
988,12046,0,6,3,3,156,1118,912,4,1,8,551,0,195000
989,8125,0,7,3,4,0,778,798,3,1,6,614,0,197000
990,9452,0,8,3,4,1074,1407,985,3,1,7,870,0,348000
991,17671,0,8,3,4,216,916,826,4,1,8,424,0,168000
992,9760,0,6,3,3,536,1020,831,3,1,7,440,0,187000
993,8846,0,6,3,3,0,750,750,3,1,6,564,0,173900
994,12456,0,10,3,5,1172,1718,0,3,1,7,786,0,337500
995,4712,0,4,3,3,384,774,456,3,1,5,305,0,121600
996,10659,0,5,3,3,915,1050,0,3,1,6,368,0,136500
997,11717,0,6,3,3,0,1442,0,2,1,6,615,0,185000
998,9786,0,3,3,3,0,1077,0,3,1,6,210,0,91000
999,6762,0,7,3,4,686,1208,0,2,1,6,632,0,206000
1000,10206,0,3,1,3,0,944,0,2,1,4,528,0,82000
1001,5400,0,5,3,3,0,691,0,2,1,4,216,0,86000
1002,11957,0,8,3,4,24,1574,0,3,1,7,824,0,232000
1003,11500,-1,5,3,3,0,1680,0,4,2,8,528,0,136905
1004,3182,0,7,3,4,16,1504,0,1,1,7,457,0,181000
1005,8385,0,5,3,4,595,985,0,3,1,6,328,0,149900
1006,12155,0,6,3,3,1237,1657,0,3,1,7,484,0,163500
1007,2217,0,4,3,3,273,546,546,3,1,6,286,0,88000
1008,12118,0,7,3,4,0,1710,0,3,1,7,550,0,240000
1009,6000,0,5,3,3,0,1008,0,4,1,7,0,0,102000
1010,21286,0,5,3,3,0,720,551,4,1,7,312,0,135000
1011,9825,0,5,3,3,0,1664,0,4,2,8,0,0,100000
1012,10592,0,6,3,3,0,900,602,3,1,7,180,0,165000
1013,7200,0,5,3,3,247,1022,0,2,1,4,280,0,85000
1014,11664,0,6,3,3,336,1082,0,2,1,5,240,0,119200
1015,8400,0,8,3,4,643,810,855,3,1,6,528,0,227000
1016,11883,0,7,3,4,690,1504,0,3,1,6,478,0,203000
1017,5814,0,8,3,4,1036,1360,0,1,1,4,565,0,187500
1018,10784,0,7,3,4,0,802,670,3,1,7,402,0,160000
1019,3013,0,7,3,4,16,1506,0,2,1,6,440,0,213490
1020,7024,0,4,3,3,1024,1132,0,2,1,5,451,0,176000
