,LotArea,YearBuilt,YearRemodAdd,MasVnrArea,BsmtFinSF1,BsmtFinSF2,BsmtUnfSF,TotalBsmtSF,2ndFlrSF,GrLivArea,GarageArea,WoodDeckSF,MiscVal
0,8450,17,17,196.0,706,0,150,856,854,1710,548,0,0
1,9600,44,44,0.0,978,0,284,1262,0,1262,460,298,0
2,11250,19,18,162.0,486,0,434,920,866,1786,608,0,0
3,9550,105,50,0.0,216,0,540,756,756,1717,642,0,0
4,14260,20,20,350.0,655,0,490,1145,1053,2198,836,192,0
5,14115,27,25,0.0,732,0,64,796,566,1362,480,40,700
6,10084,16,15,186.0,1369,0,317,1686,0,1694,636,255,0
7,10382,47,47,240.0,859,32,216,1107,983,2090,484,235,350
8,6120,89,70,0.0,0,0,952,952,752,1774,468,90,0
9,7420,81,70,0.0,851,0,140,991,0,1077,205,0,0
10,11200,55,55,0.0,906,0,134,1040,0,1040,384,0,0
11,11924,15,14,286.0,998,0,177,1175,1142,2324,736,147,0
12,12968,58,58,0.0,737,0,175,912,0,912,352,140,0
13,10652,14,13,306.0,0,0,1494,1494,0,1494,840,160,0
14,10920,60,60,212.0,733,0,520,1253,0,1253,352,0,0
15,6120,91,19,0.0,0,0,832,832,0,854,576,48,0
16,11241,50,50,180.0,578,0,426,1004,0,1004,480,0,700
17,10791,53,53,0.0,0,0,0,0,0,1296,516,0,500
18,13695,16,16,0.0,646,0,468,1114,0,1114,576,0,0
19,7560,62,55,0.0,504,0,525,1029,0,1339,294,0,0
20,14215,15,14,380.0,0,0,1158,1158,1218,2376,853,240,0
21,7449,90,70,0.0,0,0,637,637,0,1108,280,0,0
22,9742,18,18,281.0,0,0,1777,1777,0,1795,534,171,0
23,4224,44,44,0.0,840,0,200,1040,0,1060,572,100,0
24,8246,52,19,0.0,188,668,204,1060,0,1060,270,406,0
25,14230,13,13,640.0,0,0,1566,1566,0,1600,890,0,0
26,7200,69,20,0.0,234,486,180,900,0,900,576,222,0
27,11478,13,12,200.0,1218,0,486,1704,0,1704,772,0,0
28,16321,63,23,0.0,1277,0,207,1484,0,1600,319,288,0
29,6324,93,70,0.0,0,0,520,520,0,520,240,49,0
30,8500,100,70,0.0,0,0,649,649,668,1317,250,0,0
31,8544,54,14,0.0,0,0,1228,1228,0,1228,271,0,0
32,11049,13,13,0.0,0,0,1234,1234,0,1234,484,0,0
33,10552,61,61,0.0,1018,0,380,1398,0,1700,447,0,0
34,7313,15,15,246.0,1153,0,408,1561,0,1561,556,203,0
35,13418,16,15,132.0,0,0,1117,1117,1320,2452,691,113,0
36,10859,26,25,0.0,0,0,1097,1097,0,1097,672,392,0
37,8532,66,30,650.0,1213,0,84,1297,0,1297,498,0,0
38,7922,67,13,0.0,731,0,326,1057,0,1057,246,0,0
40,8658,55,55,101.0,643,0,445,1088,0,1324,440,0,0
41,16905,61,61,0.0,967,0,383,1350,0,1328,308,0,0
42,9180,37,37,0.0,747,93,0,840,0,884,504,240,0
43,9200,45,40,0.0,280,491,167,938,0,938,308,145,0
44,7945,61,61,0.0,179,506,465,1150,0,1150,300,0,0
45,7658,15,15,412.0,456,0,1296,1752,0,1752,576,196,0
46,12822,17,17,0.0,1351,0,83,1434,631,2149,670,168,0
47,11096,14,14,0.0,24,0,1632,1656,0,1656,826,0,0
49,7742,54,54,0.0,763,0,192,955,0,955,386,0,0
50,13869,23,23,0.0,182,0,612,794,676,1470,388,0,0
51,6240,86,70,0.0,0,0,816,816,0,1176,528,112,400
52,8472,57,57,0.0,104,712,0,816,0,816,516,106,0
53,50271,39,33,0.0,1810,0,32,1842,0,1842,894,857,0
54,7134,65,65,0.0,384,0,0,384,0,1360,572,0,0
55,10175,56,56,272.0,490,0,935,1425,0,1425,576,0,0
56,2645,21,20,456.0,649,0,321,970,756,1739,480,115,0
57,11645,16,16,0.0,0,0,860,860,860,1720,565,0,0
58,13682,14,14,1031.0,0,0,1410,1410,1519,2945,641,192,0
59,7200,48,48,0.0,632,0,148,780,0,780,352,196,0
60,13072,16,16,0.0,941,0,217,1158,0,1158,576,0,0
61,7200,100,24,0.0,0,0,530,530,530,1111,288,0,0
62,6442,14,14,178.0,24,0,1346,1370,0,1370,484,120,0
63,10300,99,70,0.0,0,0,576,576,808,1710,480,12,0
64,9375,23,22,573.0,739,0,318,1057,977,2034,645,576,0
65,9591,16,15,344.0,0,0,1143,1143,1330,2473,852,192,0
66,19900,50,31,287.0,912,0,1035,1947,0,2207,576,301,0
67,10665,17,17,167.0,1013,0,440,1453,0,1479,558,144,0
68,4608,75,70,0.0,0,0,747,747,0,747,220,0,0
69,15593,67,67,0.0,603,0,701,1304,983,2287,667,0,0
70,13651,47,47,1115.0,1880,0,343,2223,0,2223,516,300,0
71,7599,38,14,0.0,565,0,280,845,0,845,360,0,0
72,10141,22,22,40.0,0,0,832,832,833,1718,427,0,0
73,10200,66,17,104.0,320,362,404,1086,0,1086,490,0,0
74,5790,105,70,0.0,0,0,840,840,765,1605,379,0,0
75,1596,47,47,0.0,462,0,0,462,462,988,297,120,0
76,8475,64,64,0.0,228,0,724,952,0,952,283,0,0
77,8635,72,19,0.0,336,41,295,672,213,1285,240,0,0
79,10440,110,39,0.0,0,0,440,440,548,1230,440,74,0
80,13000,52,52,576.0,448,0,448,896,960,2142,509,0,0
81,4500,22,22,443.0,1201,0,36,1237,0,1337,405,0,0
82,10206,13,13,468.0,33,0,1530,1563,0,1563,758,144,0
83,8892,60,60,66.0,0,0,1065,1065,0,1065,461,74,0
84,8530,25,24,22.0,0,0,384,384,670,1474,400,120,700
85,16059,29,28,284.0,0,0,1288,1288,1116,2417,462,127,0
86,11911,15,15,0.0,0,0,684,684,876,1560,400,100,0
87,3951,11,11,76.0,0,0,612,612,612,1224,528,0,0
90,7200,70,70,0.0,0,0,0,0,0,1040,420,0,0
91,8500,59,59,203.0,600,0,635,1235,0,1235,480,0,0
92,13360,99,14,0.0,713,0,163,876,0,964,432,0,0
93,7200,110,22,0.0,1046,0,168,1214,1031,2291,506,0,0
94,9337,23,23,0.0,648,0,176,824,881,1786,684,0,0
95,9765,27,27,68.0,310,0,370,680,790,1470,420,232,480
96,10264,21,21,183.0,1162,0,426,1588,0,1588,472,158,0
97,10921,55,55,48.0,520,0,440,960,0,960,432,120,0
98,10625,100,70,0.0,108,0,350,458,0,835,366,0,400
100,10603,43,19,28.0,1200,0,410,1610,0,1610,480,168,0
101,9206,35,35,336.0,0,0,741,741,755,1732,476,192,0
102,7018,41,41,0.0,0,0,0,0,0,1535,410,0,0
103,10402,11,11,0.0,0,0,1226,1226,0,1226,740,0,0
104,7758,89,70,600.0,224,0,816,1040,592,1818,240,0,0
105,9375,17,16,768.0,0,0,1053,1053,939,1992,648,140,0
106,10800,135,25,0.0,0,0,641,641,0,1047,273,0,450
107,6000,72,70,0.0,104,169,516,789,0,789,250,0,0
109,11751,43,43,480.0,705,0,1139,1844,0,1844,546,0,0
110,9525,66,48,0.0,444,0,550,994,639,1855,325,182,0
111,7750,20,20,0.0,250,0,134,384,656,1430,400,180,0
112,9965,13,13,220.0,984,0,280,1264,1414,2696,792,120,0
113,21000,67,67,184.0,35,869,905,1809,0,2259,450,166,0
114,7259,75,18,0.0,774,150,104,1028,884,2320,180,224,0
115,3230,21,21,1129.0,419,0,310,729,729,1458,440,0,0
116,11616,58,58,116.0,170,670,252,1092,0,1092,288,0,0
117,8536,14,13,0.0,0,0,1125,1125,0,1125,430,80,0
118,12376,30,30,0.0,1470,0,203,1673,1523,3222,594,367,0
119,8461,15,14,0.0,0,0,728,728,728,1456,390,0,0
120,21453,51,51,0.0,938,0,0,938,0,988,540,0,0
121,6060,81,70,0.0,0,0,732,732,351,1123,264,0,0
122,9464,62,62,135.0,570,0,510,1080,0,1080,288,0,0
123,7892,27,27,0.0,300,0,899,1199,0,1199,530,0,0
124,17043,41,22,0.0,0,0,1362,1362,0,1586,435,192,0
126,4928,44,44,0.0,120,0,958,1078,0,958,440,0,0
128,7590,54,54,266.0,512,0,148,660,688,1348,453,188,0
129,8973,62,29,85.0,567,28,413,1008,0,1053,750,0,0
130,14200,54,54,309.0,445,0,479,924,941,2157,487,105,0
131,12224,20,20,40.0,695,0,297,992,1032,2054,390,24,0
132,7388,61,18,0.0,405,0,658,1063,0,1327,624,0,0
133,6853,19,18,136.0,1005,0,262,1267,0,1296,471,192,0
134,10335,52,27,0.0,570,0,891,1461,0,1721,440,0,0
135,10400,50,50,288.0,0,0,1304,1304,0,1682,530,98,0
136,10355,53,53,196.0,695,0,519,1214,0,1214,318,0,0
137,11070,32,31,70.0,0,0,1907,1907,0,1959,766,0,0
138,9066,21,20,320.0,668,0,336,1004,848,1852,660,224,0
139,15426,23,23,0.0,821,0,107,928,836,1764,470,276,0
141,11645,15,15,0.0,1300,0,434,1734,0,1734,660,160,0
142,8520,68,68,0.0,507,0,403,910,475,1385,720,0,0
143,10335,21,21,183.0,679,0,811,1490,0,1501,577,144,0
144,9100,57,57,336.0,1332,0,396,1728,0,1728,504,0,0
145,2522,16,14,50.0,0,0,970,970,739,1709,380,0,0
146,6120,89,27,0.0,209,0,506,715,0,875,180,48,0
147,9505,19,19,180.0,0,0,884,884,1151,2035,434,144,0
149,6240,84,70,0.0,0,0,896,896,448,1344,240,200,0
150,10356,45,45,0.0,716,0,253,969,0,969,440,0,0
151,13891,13,12,436.0,1400,0,310,1710,0,1710,866,0,0
152,14803,49,49,252.0,416,0,409,825,896,1993,495,0,0
153,13500,60,45,0.0,429,1080,93,1602,0,1252,564,409,0
154,11340,97,70,0.0,0,0,1200,1200,0,1200,312,0,0
156,7200,70,70,0.0,0,0,0,0,0,1040,625,0,0
157,12003,11,10,84.0,0,0,774,774,1194,1968,680,0,0
158,12552,16,15,0.0,222,0,769,991,956,1947,678,0,0
159,19378,15,14,456.0,57,0,1335,1392,1070,2462,576,239,0
160,11120,36,36,0.0,660,0,572,1232,0,1232,516,0,0
161,13688,17,16,664.0,1016,0,556,1572,1096,2668,726,400,0
162,12182,15,15,226.0,1201,0,340,1541,0,1541,532,0,0
164,5400,94,16,0.0,370,0,779,1149,467,1616,216,0,0
166,10708,65,27,0.0,379,768,470,1617,0,1867,303,476,0
167,10562,13,13,300.0,1288,0,294,1582,551,2161,789,178,0
168,8244,16,16,0.0,0,0,840,840,880,1720,440,100,0
169,16669,39,39,653.0,0,0,1686,1686,0,1707,511,574,0
170,12358,79,70,0.0,360,0,360,720,0,1382,660,237,0
171,31770,60,60,112.0,639,0,441,1080,0,1656,528,210,0
172,5306,33,33,0.0,495,215,354,1064,703,1767,504,441,0
173,10197,59,59,491.0,288,374,700,1362,0,1362,504,0,0
174,12416,34,34,132.0,1398,208,0,1606,0,1651,616,192,0
175,12615,70,19,0.0,477,0,725,1202,0,2158,576,0,0
176,10029,32,31,268.0,831,0,320,1151,896,2060,521,0,0
177,13650,62,62,0.0,57,441,554,1052,668,1920,451,0,0
178,17423,12,11,748.0,1904,0,312,2216,0,2234,1166,0,0
179,8520,97,14,0.0,0,0,968,968,0,968,480,0,0
180,2117,20,20,456.0,436,0,320,756,756,1525,440,0,0
181,7588,100,70,0.0,352,0,441,793,901,1802,216,0,0
182,9060,63,14,98.0,0,0,0,0,0,1340,252,116,0
183,11426,17,17,0.0,0,0,1362,1362,720,2082,484,280,0
184,7438,112,29,0.0,0,0,504,504,316,1252,576,104,0
185,22950,128,27,0.0,0,0,1107,1107,1518,3608,840,0,0
186,9947,30,29,0.0,611,0,577,1188,0,1217,497,168,0
187,10410,104,33,0.0,0,0,660,660,704,1656,180,0,0
188,7018,41,41,275.0,1086,0,0,1086,0,1224,528,120,0
189,4923,19,18,0.0,1153,0,440,1593,0,1593,682,0,0
190,10570,88,26,0.0,297,0,556,853,1178,2727,440,0,0
191,7472,48,16,138.0,626,0,99,725,754,1479,484,0,0
192,9017,21,21,0.0,560,0,871,1431,0,1431,666,0,0
193,2522,16,16,50.0,0,0,970,970,739,1709,380,0,0
194,7180,48,48,0.0,390,0,474,864,0,864,352,0,0
195,2280,44,44,0.0,566,0,289,855,601,1456,440,87,0
196,9416,13,13,205.0,1126,0,600,1726,0,1726,786,171,0
197,25419,102,30,0.0,1036,184,140,1360,1360,3112,795,0,0
199,9591,16,15,262.0,1088,0,625,1713,0,1713,856,0,0
200,8546,17,16,0.0,0,0,1121,1121,0,1121,440,132,0
201,10125,43,43,0.0,641,279,276,1196,0,1279,473,238,0
202,7000,96,70,0.0,617,0,0,617,445,1310,398,0,0
203,4438,16,16,205.0,662,0,186,848,0,848,420,149,0
204,3500,73,70,0.0,312,0,408,720,564,1284,240,0,0
205,11851,30,30,0.0,0,0,1424,1424,0,1442,500,0,0
206,13673,58,58,0.0,0,0,1140,1140,0,1696,349,0,0
207,12493,60,60,0.0,419,306,375,1100,0,1100,312,355,0
208,14364,32,31,128.0,1065,0,92,1157,882,2062,454,60,0
209,8250,56,56,260.0,787,0,305,1092,0,1092,504,0,0
211,10420,11,11,0.0,36,0,1176,1212,0,1212,460,100,0
212,8640,11,11,0.0,822,0,78,900,920,1852,644,168,0
213,13568,25,25,0.0,716,0,274,990,0,990,576,224,0
214,10900,43,43,153.0,378,0,311,689,703,1392,299,0,450
215,10011,63,24,64.0,360,0,710,1070,0,1236,447,0,0
216,8450,16,16,266.0,946,0,490,1436,0,1436,484,139,0
217,9906,95,70,0.0,0,0,686,686,518,1328,210,0,0
218,15660,81,14,312.0,341,0,457,798,817,1954,431,0,0
219,3010,15,14,16.0,16,0,1232,1248,0,1248,438,108,0
220,8990,14,14,0.0,0,0,1498,1498,0,1498,675,351,0
221,8068,18,18,0.0,0,0,1010,1010,1257,2267,390,120,0
222,11475,45,45,0.0,550,0,163,713,741,1552,434,209,0
223,10500,49,49,0.0,524,180,160,864,0,864,576,216,0
224,13472,17,17,922.0,56,0,2336,2392,0,2392,968,248,0
225,1680,49,49,142.0,0,0,630,630,672,1302,280,0,0
226,9950,25,25,290.0,565,0,638,1203,1306,2520,721,224,0
227,1869,50,50,127.0,321,0,162,483,504,987,280,0,0
228,8521,53,53,0.0,842,0,70,912,0,912,336,0,0
229,3182,15,14,16.0,16,0,1357,1373,0,1555,430,143,0
230,8760,61,61,220.0,0,0,1194,1194,0,1194,312,0,0
231,15138,25,24,506.0,689,0,773,1462,1304,2794,810,0,0
232,1680,48,48,297.0,0,0,483,483,504,987,288,0,0
233,10650,44,44,0.0,182,712,0,894,0,894,308,365,0
235,1680,49,49,604.0,358,0,125,483,504,987,264,0,0
236,8773,16,16,98.0,24,0,1390,1414,0,1414,494,132,0
237,9453,27,17,0.0,402,0,594,996,730,1744,457,370,0
238,12030,13,13,254.0,0,0,1694,1694,0,1694,818,168,0
239,8741,75,70,0.0,94,0,641,735,689,1487,220,0,0
240,9000,12,12,36.0,1078,0,488,1566,0,1566,750,144,0
242,5000,120,70,0.0,0,0,540,540,551,1440,352,0,0
243,10762,40,40,0.0,0,0,626,626,591,1217,288,0,0
244,8880,26,18,0.0,695,0,253,948,888,2110,463,0,0
245,10400,32,32,102.0,929,0,916,1845,0,1872,604,197,0
246,9142,110,70,0.0,0,0,1020,1020,1020,1928,440,0,0
247,11310,66,66,0.0,0,0,1367,1367,0,1375,451,0,0
248,11317,17,17,101.0,0,0,840,840,828,1668,500,144,0
249,159000,62,14,472.0,697,0,747,1444,700,2144,389,0,500
251,4750,14,13,481.0,1573,0,0,1573,0,1625,538,123,0
252,8366,16,16,0.0,0,0,798,798,842,1640,520,138,0
253,9350,56,29,108.0,270,580,452,1302,0,1302,309,333,0
254,8400,63,63,0.0,922,0,392,1314,0,1314,294,250,0
255,8738,21,21,302.0,0,0,975,975,1286,2291,429,192,0
256,8791,17,17,0.0,503,0,361,864,864,1728,673,216,0
257,8814,14,14,180.0,1334,0,270,1604,0,1604,660,123,0
258,12435,19,19,172.0,361,0,602,963,829,1792,564,0,0
259,12702,64,64,0.0,0,0,0,0,0,882,308,0,0
260,19296,58,58,399.0,672,690,0,1362,0,1382,884,0,0
261,9588,13,13,270.0,0,0,1482,1482,1092,2574,868,0,0
262,8471,43,25,46.0,506,0,0,506,0,1212,492,292,0
263,5500,91,19,0.0,234,692,0,926,0,1316,484,0,0
264,5232,95,16,0.0,0,0,680,680,0,764,504,0,0
265,12090,39,39,210.0,588,228,606,1422,0,1422,576,276,0
266,11207,23,23,0.0,714,0,88,802,709,1511,413,95,0
267,8400,81,23,0.0,378,0,342,720,720,2192,240,262,0
268,6900,80,65,0.0,403,125,212,740,0,778,924,0,0
269,7917,44,44,174.0,751,0,392,1143,0,1113,504,370,0
270,10728,14,14,0.0,0,0,1095,1095,844,1939,1053,192,0
271,39104,66,15,0.0,226,1063,96,1385,0,1363,439,81,0
272,11764,21,13,348.0,524,0,628,1152,1106,2270,671,132,0
273,9600,62,32,183.0,620,620,0,1240,0,1632,338,289,0
274,8314,38,38,0.0,546,0,270,816,0,816,264,168,0
275,7264,95,13,0.0,0,0,952,952,596,1548,672,74,0
276,9196,17,17,0.0,0,0,1560,1560,0,1560,573,100,0
277,19138,69,69,0.0,120,0,744,864,0,864,400,0,0
278,14450,14,13,315.0,0,0,2121,2121,0,2121,732,124,0
279,10005,43,43,299.0,392,0,768,1160,866,2022,505,288,0
280,11287,31,31,340.0,421,0,386,807,807,1982,575,0,0
281,7200,14,14,68.0,905,0,357,1262,0,1262,572,0,0
282,5063,13,12,166.0,904,0,410,1314,0,1314,626,172,0
283,9612,12,11,72.0,0,0,1468,1468,0,1468,898,210,0
284,8012,28,28,0.0,430,0,1145,1575,0,1575,529,0,0
285,4251,14,13,0.0,0,0,625,625,625,1250,528,0,0
286,9786,58,39,0.0,600,0,312,912,649,1734,440,0,0
288,9819,53,53,31.0,450,0,432,882,0,900,280,0,0
289,8730,105,17,0.0,0,0,698,698,698,1396,384,0,0
290,15611,14,14,0.0,0,0,1079,1079,840,1919,685,0,0
292,11409,71,12,0.0,292,0,476,768,568,1716,281,0,0
293,16659,43,26,34.0,795,0,0,795,795,2263,539,0,0
294,9600,67,67,238.0,1285,0,131,1416,0,1644,418,110,0
295,7937,36,36,0.0,819,0,184,1003,0,1003,588,120,0
296,13710,70,70,0.0,420,0,490,910,648,1558,282,289,0
297,7399,23,22,1600.0,649,0,326,975,975,1950,576,0,0
298,11700,52,52,365.0,384,175,143,702,702,1743,539,224,0
299,14000,70,16,0.0,0,0,1092,1092,0,1152,300,0,0
300,15750,67,67,56.0,841,0,324,1165,0,1336,375,0,0
301,16226,22,21,0.0,281,0,747,1028,1242,2452,683,208,0
302,13704,19,18,150.0,0,0,1541,1541,0,1541,843,468,0
303,9800,48,48,0.0,894,0,0,894,0,894,552,256,0
304,18386,140,18,0.0,0,0,1470,1470,1818,3493,870,302,0
305,10386,16,15,246.0,1464,0,536,2000,0,2000,888,168,0
306,13474,30,29,246.0,700,0,0,700,1121,2243,746,127,0
308,12342,80,70,0.0,262,0,599,861,0,861,539,158,0
309,12378,17,16,0.0,1274,0,622,1896,0,1944,708,208,0
310,7685,27,26,112.0,518,0,179,697,804,1501,420,190,0
311,8000,72,18,0.0,680,0,292,972,0,972,240,0,0
312,7800,81,70,0.0,507,0,286,793,325,1118,410,0,0
313,215245,55,55,0.0,1236,820,80,2136,0,2036,513,0,0
314,9600,95,30,0.0,16,0,712,728,809,1641,546,0,0
315,7795,16,15,0.0,425,0,291,716,716,1432,432,100,0
316,13005,40,40,278.0,692,0,153,845,1200,2353,484,288,0
317,9000,14,14,0.0,0,0,1088,1088,871,1959,1025,208,0
318,9900,27,27,256.0,987,0,360,1347,1274,2646,656,340,0
319,14115,40,40,225.0,1036,0,336,1372,0,1472,588,233,0
320,16259,14,14,370.0,0,0,1249,1249,1347,2596,840,240,0
321,12099,16,16,388.0,970,0,166,1136,1332,2468,872,184,0
322,10380,34,33,172.0,28,1474,0,1502,1177,2730,576,201,0
323,5820,65,15,0.0,256,0,906,1162,0,1163,220,142,0
324,11275,53,13,300.0,0,0,710,710,1080,2978,564,240,0
325,5000,79,70,0.0,116,0,604,720,0,803,360,0,0
326,10846,27,27,0.0,1619,0,100,1719,0,1719,473,122,0
327,11600,60,60,175.0,565,0,818,1383,0,1383,292,0,0
328,11888,104,26,0.0,0,0,844,844,689,2134,441,0,0
329,6402,100,70,0.0,0,0,596,596,596,1192,189,0,0
330,10624,56,56,84.0,40,264,1424,1728,0,1728,352,155,0
331,8176,62,28,0.0,846,0,210,1056,0,1056,308,0,0
332,10655,17,16,296.0,1124,479,1603,3206,0,1629,880,0,0
333,8198,16,16,146.0,720,0,638,1358,0,1358,484,192,0
334,9042,22,22,0.0,828,0,115,943,695,1638,472,100,0
335,164660,55,55,0.0,1249,147,103,1499,167,1786,529,670,700
336,14157,15,14,200.0,1249,0,673,1922,0,1922,676,178,0
337,9135,18,17,113.0,810,0,726,1536,0,1536,532,192,0
338,14145,36,22,0.0,213,0,995,1208,0,1621,440,108,400
339,12400,62,22,176.0,585,0,630,1215,0,1215,297,0,0
340,14191,18,18,0.0,0,0,967,967,915,1908,431,135,0
341,8400,70,70,0.0,0,0,721,721,0,841,294,250,0
342,8544,71,70,340.0,0,0,0,0,0,1040,400,0,0
343,8849,15,15,616.0,28,0,1656,1684,0,1684,564,495,0
344,2592,44,44,0.0,129,232,175,536,576,1112,336,182,0
345,6435,81,70,0.0,0,0,972,972,605,1577,312,0,0
346,12772,60,22,0.0,498,0,460,958,0,958,301,0,15500
347,17600,60,60,30.0,1270,0,208,1478,0,1478,498,0,0
348,2448,17,16,106.0,573,0,191,764,862,1626,474,0,0
349,20431,15,14,870.0,1410,0,438,1848,880,2728,706,0,0
350,7820,13,13,362.0,0,0,1869,1869,0,1869,617,210,0
351,5271,34,34,0.0,1082,0,371,1453,0,1453,445,0,0
352,9084,79,70,0.0,236,380,0,616,495,1111,200,48,0
353,8520,92,17,0.0,0,0,624,624,0,720,484,106,0
354,8400,80,20,0.0,388,0,552,940,403,1595,240,0,0
355,11249,25,25,0.0,334,544,322,1200,0,1200,521,0,0
356,9248,28,28,106.0,560,0,598,1158,0,1167,400,120,0
357,4224,44,44,0.0,874,0,268,1142,0,1142,528,536,0
358,6930,62,62,120.0,300,294,468,1062,0,1352,288,168,0
359,12011,22,22,530.0,956,0,130,1086,838,1924,592,208,0
360,7540,42,42,0.0,773,0,115,888,0,912,470,0,0
361,9144,80,38,0.0,399,0,484,883,517,1505,240,0,0
362,7301,17,17,500.0,0,0,0,0,1427,1922,672,0,0
363,1680,48,13,510.0,162,0,321,483,504,987,264,250,0
364,18800,44,44,120.0,712,0,84,796,784,1574,566,306,0
365,10690,100,23,0.0,456,0,216,672,672,1344,468,0,0
366,9500,57,57,247.0,609,0,785,1394,0,1394,514,0,0
367,9150,58,58,305.0,371,0,728,1099,0,1431,296,64,0
368,7800,66,66,200.0,540,0,728,1268,0,1268,244,0,0
369,9830,61,14,0.0,72,258,733,1063,0,1287,576,364,0
370,8121,20,20,0.0,0,0,953,953,711,1664,460,100,0
371,17120,61,61,0.0,0,0,0,0,468,1588,680,0,0
372,7175,36,36,0.0,623,121,0,744,0,752,264,353,0
373,10634,67,67,0.0,428,180,0,608,0,1319,270,66,0
374,8200,17,16,0.0,0,0,847,847,1081,1928,434,100,0
376,8846,24,24,0.0,298,0,572,870,0,914,576,0,0
377,11143,16,15,0.0,0,0,1580,1580,886,2466,610,159,0
378,11394,10,10,350.0,1445,0,411,1856,0,1856,834,113,0
379,8123,20,20,16.0,0,0,982,982,793,1800,463,100,0
380,5000,96,70,0.0,218,0,808,1026,665,1691,308,0,0
381,7200,14,14,0.0,0,0,1293,1293,0,1301,572,216,0
382,9245,14,14,0.0,0,0,939,939,858,1797,639,144,0
383,9000,92,70,0.0,0,0,784,784,0,784,360,0,0
384,53107,28,28,0.0,985,0,595,1580,874,1953,501,216,0
385,3182,16,15,16.0,24,0,1232,1256,0,1269,430,146,0
387,7200,44,44,255.0,631,0,410,1041,0,1125,352,296,0
388,9382,21,20,125.0,0,0,1468,1468,0,1479,577,120,0
389,12474,13,12,272.0,1280,0,402,1682,590,2332,846,196,0
390,8405,120,70,0.0,241,391,229,861,406,1367,384,0,0
391,12209,19,18,0.0,690,0,114,804,1157,1961,560,125,0
392,8339,61,61,0.0,0,0,0,0,0,882,294,0,1200
394,10134,80,70,0.0,0,0,735,735,299,1034,240,0,0
395,9571,64,64,0.0,739,0,405,1144,0,1144,596,44,0
396,7200,48,48,0.0,777,0,117,894,0,894,600,215,0
397,7590,58,58,288.0,540,0,324,864,936,1812,264,0,0
398,8967,100,70,0.0,0,0,961,961,0,1077,338,0,0
399,8125,14,13,100.0,812,0,280,1092,438,1550,438,0,0
400,14963,24,24,0.0,786,0,474,1260,0,1288,500,120,0
401,8767,15,15,0.0,24,0,1286,1310,0,1310,400,0,0
402,10200,80,23,0.0,0,0,672,672,0,672,240,168,0
403,12090,22,22,650.0,0,0,1141,1141,1098,2263,420,144,0
404,10364,25,24,0.0,0,0,806,806,766,1572,373,0,0
405,9991,44,27,0.0,1116,0,165,1281,0,1620,490,120,0
406,10480,84,70,0.0,0,0,1064,1064,0,1639,240,0,0
407,15576,105,44,0.0,0,0,840,840,840,1680,308,0,0
408,14154,14,14,350.0,0,0,1063,1063,1101,2172,947,192,0
409,10800,13,12,100.0,789,0,245,1034,1028,2078,836,0,0
410,9571,62,62,0.0,0,0,1276,1276,0,1276,350,0,0
411,34650,65,65,0.0,1056,0,0,1056,0,1056,572,264,0
412,4403,11,11,432.0,578,0,892,1470,0,1478,484,0,0
413,8960,93,70,0.0,0,0,1008,1008,0,1028,360,0,0
414,11228,27,27,0.0,50,531,499,1080,1017,2097,678,196,0
415,8899,13,13,0.0,24,0,1316,1340,0,1340,396,100,0
416,7844,42,42,203.0,209,0,463,672,728,1400,440,0,0
417,22420,102,70,0.0,1128,0,242,1370,1254,2624,864,0,0
418,8160,80,70,0.0,312,0,444,756,378,1134,240,0,0
419,8450,52,52,0.0,775,0,281,1056,0,1056,304,0,0
420,7060,23,22,200.0,1309,0,35,1344,0,1344,784,0,0
421,16635,43,20,126.0,1246,0,356,1602,0,1602,529,240,0
422,21750,66,66,0.0,0,0,988,988,0,988,520,0,0
423,9200,22,22,473.0,986,0,484,1470,1160,2630,696,0,0
424,9000,64,64,74.0,616,0,580,1196,0,1196,297,0,0
425,3378,74,28,0.0,0,0,651,651,682,1389,240,0,0
426,12800,31,31,145.0,1518,0,0,1518,0,1644,569,80,0
427,8593,63,63,0.0,288,0,619,907,0,907,352,0,0
428,6762,13,13,108.0,664,0,544,1208,0,1208,628,105,0
429,11457,32,32,0.0,1005,0,387,1392,0,1412,576,0,0
430,1680,49,49,232.0,387,0,96,483,504,987,264,0,0
432,1920,49,49,376.0,471,0,294,765,600,1365,440,240,0
433,10839,23,22,0.0,0,0,926,926,678,1604,470,0,0
435,10667,24,24,0.0,385,344,70,799,834,1661,550,158,0
436,4400,100,70,0.0,0,0,648,648,384,1118,440,0,0
437,6000,94,16,0.0,0,0,884,884,0,904,180,0,0
438,4280,107,18,0.0,365,0,75,440,0,694,352,0,0
439,12354,100,20,0.0,0,0,684,684,512,1196,528,0,800
440,15431,12,12,200.0,1767,539,788,3094,0,2402,672,0,0
442,6240,90,28,0.0,0,0,1078,1078,445,1573,360,0,0
443,3922,14,13,72.0,0,0,1258,1258,0,1258,648,144,0
444,8750,26,25,0.0,642,0,273,915,975,1908,493,144,0
445,9855,64,64,0.0,0,0,1436,1436,0,1689,480,0,0
446,16492,54,18,0.0,247,713,557,1517,0,1888,578,0,0
447,11214,22,21,0.0,0,0,930,930,930,1886,431,89,0
448,8600,83,70,0.0,0,0,780,780,596,1376,198,0,0
449,6000,72,18,0.0,331,0,318,649,504,1183,308,0,0
450,5684,90,15,0.0,0,0,813,813,0,813,270,0,0
451,70761,45,45,0.0,655,0,878,1533,0,1533,576,200,0
452,9303,24,23,42.0,742,0,130,872,868,1756,422,144,0
453,9000,12,12,0.0,0,0,768,768,804,1590,676,0,0
454,9297,44,44,0.0,1606,0,122,1728,0,1728,560,0,0
455,9600,47,47,320.0,916,0,326,1242,0,1242,528,0,0
456,4571,104,70,0.0,0,0,624,624,720,1344,513,0,0
457,53227,66,26,0.0,1116,0,248,1364,0,1663,529,224,0
458,5100,95,24,0.0,0,0,588,588,833,1666,228,192,0
459,7015,70,70,161.0,185,0,524,709,224,1203,352,0,0
460,8004,11,11,110.0,544,0,288,832,1103,1935,552,0,0
461,7200,84,13,0.0,350,210,0,560,560,1135,576,256,0
462,8281,55,55,0.0,553,311,0,864,0,864,360,0,0
463,11988,86,25,0.0,326,0,389,715,811,1660,240,0,0
465,3072,16,16,18.0,0,0,1375,1375,0,1414,398,144,0
466,10628,50,50,0.0,778,0,499,1277,0,1277,526,0,0
467,9480,78,25,224.0,386,0,342,728,756,1644,312,168,0
468,11428,14,14,248.0,0,0,1626,1626,0,1634,866,0,0
469,9291,27,27,120.0,426,0,406,832,878,1710,506,144,0
470,6820,35,35,0.0,368,1120,0,1488,0,1502,528,0,0
471,11952,43,43,0.0,0,0,808,808,808,1969,534,0,0
472,3675,15,15,80.0,459,0,88,547,0,1072,525,0,0
473,14977,14,13,304.0,1350,0,626,1976,0,1976,908,250,0
474,5330,20,20,0.0,1196,0,298,1494,0,1652,499,96,0
475,8480,57,57,0.0,630,0,340,970,0,970,624,0,0
476,13125,23,22,215.0,994,0,484,1478,0,1493,508,140,0
477,13693,14,14,772.0,0,0,2153,2153,574,2643,694,414,0
478,10637,13,12,336.0,1288,0,417,1705,0,1718,826,208,0
479,5925,83,20,435.0,168,0,739,907,0,1131,672,0,0
480,16033,16,15,378.0,1261,0,572,1833,0,1850,772,519,0
481,11846,17,16,562.0,1567,0,225,1792,0,1792,874,206,0
482,2500,105,15,0.0,299,0,611,910,910,1826,164,0,0
483,4500,22,22,116.0,897,0,319,1216,0,1216,402,0,0
484,7758,58,19,0.0,588,0,411,999,0,999,264,0,0
485,9600,70,13,0.0,607,0,506,1113,0,1113,264,0,0
486,10289,55,55,168.0,836,0,237,1073,0,1073,515,0,0
487,12243,49,49,0.0,998,0,486,1484,0,1484,487,224,0
488,10800,120,50,0.0,664,0,290,954,648,2414,520,142,0
489,1526,50,18,0.0,515,0,115,630,0,630,286,0,0
490,2665,44,44,0.0,0,0,264,264,688,1304,336,141,0
491,9490,79,70,0.0,403,165,238,806,620,1578,240,0,0
492,15578,14,14,0.0,0,0,728,728,728,1456,429,0,0
493,7931,60,60,0.0,374,532,363,1269,0,1269,308,0,0
494,5784,82,24,0.0,0,0,190,190,0,886,273,144,0
496,12692,28,27,0.0,1231,0,1969,3200,0,3228,546,264,0
497,9120,95,70,0.0,329,0,697,1026,687,1820,240,0,0
498,7800,53,16,89.0,450,0,414,864,0,899,288,64,0
499,7535,62,35,0.0,111,279,522,912,0,912,297,12,480
500,1890,47,47,285.0,356,0,316,672,546,1218,264,144,0
501,9803,15,15,0.0,400,0,466,866,902,1768,603,0,0
502,9170,55,55,0.0,698,96,420,1214,0,1214,461,0,400
503,15602,61,23,0.0,1247,0,254,1501,0,1801,484,0,0
504,2308,46,46,0.0,257,495,103,855,467,1322,440,260,0
505,7596,68,68,360.0,0,0,960,960,1000,1960,400,0,0
506,9554,27,26,125.0,380,0,397,777,846,1911,471,182,0
507,7862,11,11,0.0,27,0,1191,1218,0,1218,676,0,0
508,9600,92,15,0.0,141,0,548,689,689,1378,360,0,0
509,9600,61,61,132.0,991,0,50,1041,0,1041,270,224,0
510,14559,69,20,70.0,650,180,178,1008,0,1363,288,324,2000
511,6792,15,14,94.0,0,0,1368,1368,0,1368,474,132,0
512,9100,62,62,0.0,521,174,169,864,0,864,624,0,0
513,9187,37,37,0.0,336,0,748,1084,0,1080,484,120,0
514,10594,94,70,0.0,0,0,768,768,0,789,200,0,0
515,12220,11,11,305.0,1436,0,570,2006,0,2020,900,156,0
516,10448,48,48,333.0,0,0,689,689,741,2119,583,0,0
517,10208,24,23,921.0,0,0,1264,1264,1067,2344,889,220,0
518,9531,22,22,0.0,706,0,88,794,914,1796,546,0,0
519,10918,94,16,0.0,0,0,1276,1276,804,2080,282,0,0
521,11988,63,63,0.0,777,0,467,1244,0,1244,336,0,0
522,5000,73,70,0.0,399,0,605,1004,660,1664,420,0,0
523,40094,13,12,762.0,2260,0,878,3138,1538,4676,884,208,0
524,11787,24,23,594.0,719,0,660,1379,1015,2398,834,239,0
525,7500,15,15,0.0,0,0,1257,1257,0,1266,453,38,0
526,13300,64,20,0.0,377,0,551,928,0,928,252,261,0
527,14948,12,12,268.0,1330,0,122,1452,1237,2713,858,126,0
530,10200,32,31,219.0,783,0,678,1461,0,1509,600,224,0
531,6155,100,21,0.0,0,0,611,611,611,1362,502,0,0
532,7200,65,13,0.0,0,0,0,0,0,827,392,0,0
534,9056,16,16,0.0,0,0,707,707,707,1414,403,100,0
536,8924,22,21,0.0,0,0,880,880,844,1724,527,120,0
537,12735,48,48,0.0,600,0,264,864,0,864,576,216,0
538,11553,52,52,188.0,673,0,378,1051,0,1159,336,466,0
539,11423,19,18,479.0,1358,0,223,1581,0,1601,670,180,2000
540,14601,14,14,584.0,1260,0,578,1838,0,1838,765,270,0
541,11000,20,20,72.0,0,0,969,969,1288,2285,648,0,0
542,10140,22,21,0.0,144,1127,379,1650,0,1680,583,78,0
543,4058,22,22,182.0,584,139,0,723,0,767,367,120,0
544,17104,14,14,0.0,554,0,100,654,832,1496,426,100,0
545,13837,32,32,178.0,1002,202,0,1204,806,2183,786,0,0
546,8737,97,70,0.0,300,0,765,1065,720,1635,440,0,0
547,7244,50,50,0.0,619,0,149,768,0,768,624,104,0
548,8235,65,25,0.0,180,645,0,825,0,825,720,140,0
549,9375,17,16,0.0,0,0,912,912,1182,2094,615,182,0
550,4043,43,43,0.0,559,0,510,1069,0,1069,440,0,0
551,6000,63,63,0.0,308,0,620,928,0,928,288,0,0
552,11146,14,14,250.0,0,0,1709,1709,0,1717,908,169,0
553,8777,71,17,0.0,0,0,0,0,0,1126,520,0,0
554,10625,17,16,292.0,866,0,132,998,1040,2046,871,320,0
555,6380,98,70,0.0,0,0,993,993,0,1048,280,0,0
556,14850,63,63,0.0,895,0,197,1092,0,1092,299,268,0
557,11040,100,70,0.0,637,0,0,637,439,1336,570,0,0
558,21872,24,23,0.0,604,0,125,729,717,1446,406,264,0
559,3196,17,16,18.0,0,0,1374,1374,0,1557,420,143,0
560,11341,63,24,180.0,1302,0,90,1392,0,1392,528,0,0
561,10010,46,45,0.0,1071,123,195,1389,0,1389,418,240,0
563,21780,102,70,0.0,0,0,1163,1163,511,1674,396,72,0
564,13346,28,20,0.0,728,0,367,1095,1129,2295,590,0,0
565,6858,105,70,0.0,0,0,806,806,806,1647,216,0,0
566,11198,15,13,245.0,0,0,1122,1122,1370,2504,656,144,0
567,10171,16,16,168.0,2,0,1515,1517,0,1535,532,0,0
568,12327,37,11,0.0,1441,0,55,1496,636,2132,612,349,0
569,7032,41,41,0.0,943,0,0,943,0,943,600,42,0
570,13101,55,55,108.0,231,0,1497,1728,0,1728,576,0,0
571,7332,61,61,207.0,414,0,450,864,0,864,288,168,0
572,13159,11,11,0.0,0,0,846,846,846,1692,650,208,0
573,9967,20,20,0.0,0,0,384,384,656,1430,400,100,0
574,10500,49,15,82.0,349,0,23,372,533,1109,288,35,0
575,8480,73,70,0.0,442,0,390,832,384,1216,336,158,0
576,6292,92,70,0.0,0,0,861,861,600,1477,216,0,0
577,11777,54,54,97.0,328,551,285,1164,0,1320,564,160,0
578,3604,13,13,0.0,0,0,689,689,689,1392,540,0,0
579,12150,66,66,335.0,0,0,1050,1050,745,1795,352,0,0
580,14585,60,33,85.0,594,219,331,1144,0,1429,572,216,0
581,12704,12,11,306.0,0,0,2042,2042,0,2042,1390,0,0
583,13500,127,20,0.0,0,0,1237,1237,1254,2775,880,105,0
584,6120,85,25,0.0,0,0,884,884,584,1573,240,0,0
585,11443,15,14,208.0,1460,0,408,1868,0,2028,880,326,0
586,10267,102,20,0.0,210,606,0,816,0,838,275,0,0
587,8740,38,38,0.0,672,0,168,840,0,860,528,0,0
588,25095,52,17,0.0,1324,0,113,1437,0,1473,452,0,0
589,9100,90,60,0.0,0,0,742,742,0,935,308,0,600
590,8320,16,16,0.0,490,0,280,770,812,1582,520,0,0
591,13478,12,12,420.0,1338,0,384,1722,568,2296,842,382,0
592,6600,38,17,0.0,816,0,0,816,0,816,816,0,0
593,4435,17,17,170.0,685,0,163,848,0,848,420,140,0
594,7990,45,45,0.0,0,0,924,924,0,924,280,0,0
595,11302,15,14,238.0,1422,0,392,1814,0,1826,758,180,0
596,3600,110,27,0.0,0,0,684,684,684,1368,216,0,0
597,3922,14,13,72.0,0,0,1258,1258,0,1402,648,120,0
598,12984,43,43,459.0,1283,147,0,1430,0,1647,621,0,0
599,1950,40,40,0.0,81,612,23,716,840,1556,452,161,0
600,10927,15,15,280.0,546,0,512,1058,846,1904,736,179,0
601,9000,83,70,0.0,0,0,780,780,595,1375,544,0,0
602,10041,28,28,0.0,789,0,119,908,988,1915,506,120,0
603,3182,16,15,0.0,0,0,600,600,600,1200,480,0,0
604,12803,18,18,99.0,922,0,572,1494,0,1494,530,192,0
605,13600,55,30,176.0,454,0,314,768,800,1986,486,0,0
606,12464,24,24,0.0,732,0,308,1040,0,1040,576,168,0
607,7800,72,18,0.0,603,0,293,896,896,2008,230,103,0
608,12168,86,22,0.0,428,0,537,965,1254,3194,380,0,0
609,7943,59,59,192.0,903,0,126,1029,0,1029,261,64,0
610,11050,20,20,204.0,904,0,536,1440,677,2153,736,253,0
611,10395,42,42,233.0,605,0,427,1032,0,1032,564,0,500
612,11885,19,19,108.0,990,0,309,1299,573,1872,531,160,0
615,8800,57,57,156.0,763,0,173,936,0,1054,480,120,0
616,7861,18,17,0.0,457,0,326,783,702,1509,393,100,0
617,7227,66,66,0.0,0,0,832,832,0,832,528,0,0
618,11694,13,13,452.0,48,0,1774,1822,0,1828,774,0,0
619,12244,17,17,226.0,871,0,611,1482,780,2262,749,168,0
621,10800,46,23,0.0,956,182,384,1522,1066,2614,624,38,0
622,7064,43,43,153.0,560,0,420,980,0,980,484,192,0
623,2117,20,20,513.0,420,0,336,756,756,1512,440,0,0
624,10400,48,48,288.0,247,0,485,732,778,1790,484,148,0
625,10000,58,58,261.0,0,0,1116,1116,0,1116,440,0,0
626,12342,60,42,0.0,0,0,978,978,0,1422,286,0,600
627,9600,65,48,164.0,674,132,350,1156,0,1520,364,0,0
628,11606,51,51,192.0,650,0,390,1040,1040,2080,504,335,0
629,9020,56,56,259.0,624,336,288,1248,0,1350,520,176,0
630,9000,140,29,0.0,0,0,636,636,661,1750,240,0,0
631,4590,14,14,108.0,24,0,1530,1554,0,1554,627,156,0
632,11900,43,43,209.0,822,0,564,1386,0,1411,544,192,0
633,9250,66,15,0.0,480,468,108,1056,0,1056,260,390,0
634,6979,40,40,0.0,1056,0,0,1056,0,1056,576,264,600
637,6000,66,66,0.0,0,0,811,811,576,1387,256,0,0
639,3982,14,14,0.0,1154,0,366,1520,0,1567,648,312,0
640,12677,17,16,472.0,1218,0,300,1518,0,1518,588,185,0
641,7050,19,19,0.0,738,0,319,1057,872,1929,650,0,0
642,13860,48,25,0.0,1410,0,542,1952,704,2704,538,269,0
643,10793,51,51,263.0,493,287,0,780,840,1620,462,208,0
644,9187,11,11,162.0,1121,0,645,1766,0,1766,478,195,0
645,10530,49,49,0.0,282,35,664,981,0,981,576,0,0
646,7200,70,70,0.0,0,0,0,0,0,1048,420,0,0
647,10452,67,67,216.0,500,0,594,1094,0,1094,495,0,0
648,7700,54,54,351.0,0,0,756,756,788,1839,442,0,0
651,9084,80,70,0.0,0,0,755,755,755,1510,296,120,0
652,8750,24,24,0.0,0,0,880,880,807,1716,512,0,0
653,10320,114,25,0.0,0,0,756,756,713,1469,216,57,0
654,10437,25,25,660.0,1696,0,413,2109,0,2113,839,236,0
655,1680,49,49,381.0,0,0,525,525,567,1092,264,0,0
656,10007,61,14,54.0,806,0,247,1053,0,1053,312,0,0
657,7200,89,20,0.0,0,0,776,776,651,1502,270,0,0
658,17503,72,70,0.0,0,0,912,912,546,1458,330,192,0
659,9937,56,21,0.0,637,0,849,1486,0,1486,480,0,0
660,12384,44,44,233.0,0,0,793,793,793,1935,550,0,0
661,46589,26,15,528.0,1361,180,88,1629,762,2448,711,517,0
662,13560,52,52,216.0,0,0,1392,1392,0,1392,576,0,0
663,10012,48,48,0.0,920,180,38,1138,0,1181,588,0,0
664,20896,15,14,0.0,1721,0,356,2077,0,2097,1134,192,0
665,11194,20,20,40.0,0,0,1406,1406,482,1936,504,188,0
666,18450,55,41,113.0,187,723,111,1021,915,2380,596,0,0
667,8125,26,22,258.0,1138,0,270,1408,0,1679,575,224,0
668,14175,64,33,0.0,988,0,200,1188,0,1437,576,304,0
669,11600,98,70,0.0,0,0,700,700,0,1180,252,0,0
670,8633,15,15,0.0,193,0,545,738,738,1476,540,100,0
671,6629,95,70,0.0,551,0,121,672,672,1369,300,147,0
672,11250,43,43,0.0,767,0,441,1208,0,1208,546,198,0
673,14442,63,16,106.0,1186,0,291,1477,0,1839,416,0,0
674,9200,55,55,0.0,892,0,244,1136,0,1136,384,426,0
675,2289,42,42,0.0,311,0,544,855,586,1441,440,28,0
676,9600,120,70,0.0,0,0,1095,1095,679,1774,779,0,0
677,9022,96,14,0.0,0,0,768,768,0,792,240,316,0
678,11844,12,12,464.0,0,0,2046,2046,0,2046,834,322,0
679,9945,59,59,57.0,827,0,161,988,0,988,572,0,0
680,8012,40,40,0.0,543,119,261,923,0,923,264,80,0
681,4500,88,20,0.0,182,0,611,793,672,1520,281,0,0
682,2887,24,23,0.0,1003,0,288,1291,0,1291,431,307,0
683,11248,18,18,215.0,1059,0,567,1626,0,1668,702,257,0
684,16770,22,22,30.0,0,0,1195,1195,644,1839,486,0,0
685,5062,36,36,0.0,828,182,180,1190,900,2090,577,219,0
686,10207,13,13,0.0,0,0,874,874,887,1761,578,144,0
687,5105,16,16,0.0,239,0,312,551,551,1102,480,0,0
688,8089,13,13,0.0,945,0,474,1419,0,1419,567,140,0
689,7577,15,14,256.0,20,0,1342,1362,0,1362,460,192,0
690,4426,16,16,147.0,697,0,151,848,0,848,420,149,0
691,21535,26,25,1170.0,1455,0,989,2444,1872,4316,832,382,0
692,26178,31,30,293.0,965,0,245,1210,1281,2519,628,320,0
693,5400,99,52,0.0,0,0,1073,1073,0,1073,326,0,0
694,6120,84,70,0.0,0,0,927,927,472,1539,576,112,0
695,13811,33,33,72.0,980,40,92,1112,0,1137,551,125,0
696,6000,99,70,0.0,616,0,0,616,0,616,205,0,0
697,6420,68,68,0.0,210,551,219,980,0,1148,308,0,0
698,8450,55,11,0.0,553,117,224,894,0,894,336,416,0
699,4282,16,16,0.0,16,0,1375,1391,0,1391,530,156,0
700,14331,18,18,630.0,1274,0,526,1800,0,1800,765,270,0
701,9600,51,51,168.0,0,0,1164,1164,0,1164,528,0,0
702,12438,14,14,466.0,0,0,1234,1234,1312,2576,666,324,0
703,7630,120,24,0.0,0,0,360,360,780,1812,672,344,0
704,8400,16,15,109.0,712,0,761,1473,0,1484,606,0,0
706,115149,49,18,351.0,1219,0,424,1643,0,1824,739,380,0
707,6240,14,14,176.0,863,0,461,1324,0,1324,550,192,0
708,9018,13,13,0.0,0,0,728,728,728,1456,400,100,0
709,7162,54,54,41.0,0,0,876,876,0,904,408,0,0
711,8712,120,70,0.0,0,0,859,859,319,1178,384,68,0
712,4671,32,31,0.0,767,0,461,1228,0,1228,472,168,0
713,9873,50,50,160.0,789,0,171,960,0,960,576,0,0
714,13517,44,15,289.0,533,0,192,725,754,1479,475,0,0
715,10140,46,46,174.0,0,0,1064,1064,0,1350,478,0,0
716,10800,130,22,0.0,0,0,718,718,978,2554,704,0,0
717,10000,47,20,0.0,1084,0,92,1176,0,1178,439,224,0
718,10542,27,26,651.0,1173,0,138,1311,1093,2418,983,250,0
719,9920,51,51,0.0,523,0,448,971,0,971,300,0,0
720,6563,35,35,0.0,1148,0,594,1742,0,1742,564,114,0
721,4426,16,16,169.0,662,0,186,848,0,848,420,160,0
722,8120,50,50,0.0,191,0,673,864,0,864,463,0,0
723,8172,66,48,0.0,0,0,941,941,473,1470,548,0,0
724,13286,13,12,340.0,1234,0,464,1698,0,1698,768,327,0
725,6960,50,50,0.0,375,239,250,864,0,864,660,96,500
726,21695,32,13,260.0,808,0,72,880,0,1680,540,292,0
727,7314,13,13,82.0,724,0,508,1232,0,1232,632,132,0
728,11475,62,62,95.0,0,0,1584,1584,0,1776,888,0,0
729,6240,95,70,0.0,152,0,628,780,0,1208,539,0,0
730,5389,25,24,0.0,1180,0,415,1595,0,1616,608,237,0
731,9590,17,17,442.0,786,0,82,868,0,1146,438,160,0
732,11404,22,21,202.0,252,0,901,1153,878,2031,541,192,0
733,10000,59,37,0.0,594,0,270,864,0,1144,264,165,400
734,8978,52,52,0.0,0,0,948,948,0,948,300,147,0
735,10800,106,50,0.0,390,0,490,880,888,1768,320,0,0
736,8544,70,70,0.0,0,0,0,0,0,1040,400,0,0
737,10463,15,15,0.0,0,0,893,893,900,1801,800,0,0
739,9313,16,16,0.0,0,0,864,864,864,1728,572,187,0
740,9600,110,18,0.0,0,0,264,264,664,1432,360,270,0
741,6768,59,24,0.0,832,0,80,912,0,912,288,168,0
742,8450,20,19,108.0,0,0,1349,1349,0,1349,539,120,0
743,12886,57,21,0.0,444,0,76,520,0,1464,480,302,0
744,5395,27,27,0.0,733,0,604,1337,0,1337,462,96,0
745,8963,44,24,289.0,575,80,487,1142,1540,2715,831,0,0
746,8795,20,20,0.0,300,0,652,952,1276,2256,554,224,0
747,11700,140,17,0.0,0,0,1240,1240,1320,2640,864,181,0
748,10593,24,24,338.0,919,0,801,1720,0,1720,527,240,0
749,8405,75,70,0.0,0,0,0,0,441,1529,240,92,0
751,7750,17,17,0.0,0,0,660,660,660,1320,400,0,0
752,9236,23,23,0.0,1200,0,279,1479,0,1494,576,168,0
753,10240,15,15,178.0,0,0,1030,1030,1060,2098,878,192,0
754,7930,51,15,0.0,439,472,115,1026,0,1026,440,171,0
755,3230,21,21,894.0,381,0,348,729,729,1471,440,0,0
756,10769,13,13,0.0,20,0,846,866,902,1768,578,144,0
757,11616,42,42,328.0,438,0,234,672,714,1386,440,335,0
758,2280,21,21,360.0,549,0,195,744,744,1501,440,0,0
759,12257,25,25,513.0,56,64,1198,1318,1203,2531,752,222,0
760,9100,61,61,0.0,612,0,252,864,0,864,300,0,450
761,6911,96,70,0.0,405,0,740,1145,0,1301,440,0,0
762,8640,11,11,0.0,24,0,732,756,783,1547,614,169,0
763,9430,21,21,673.0,1163,0,89,1252,1097,2365,856,0,0
764,9549,25,24,0.0,437,1057,0,1494,0,1494,481,0,0
765,14587,12,12,284.0,0,0,1498,1498,0,1506,592,0,0
766,10421,32,32,42.0,394,0,586,980,734,1714,496,228,500
767,12508,80,35,0.0,660,0,323,983,767,1750,423,245,1300
768,9100,16,15,0.0,24,0,1836,1860,0,1836,484,120,0
769,53504,17,17,603.0,1416,0,234,1650,1589,3279,841,503,0
770,7252,38,38,0.0,685,0,173,858,0,858,576,120,0
771,8877,69,69,0.0,836,0,0,836,0,1220,396,0,0
772,7819,44,44,0.0,422,127,480,1029,0,1117,672,144,0
773,10150,62,62,1.0,456,0,456,912,0,912,275,0,0
774,14226,14,14,375.0,0,0,1935,1935,0,1973,895,315,0
775,4500,22,22,320.0,866,0,338,1204,0,1204,412,0,0
776,11210,15,14,240.0,20,0,1594,1614,0,1614,865,144,0
777,13350,46,46,0.0,762,0,102,864,0,894,440,241,0
778,8400,43,43,320.0,0,0,0,0,0,2020,630,0,0
779,10530,43,43,90.0,975,0,0,975,0,1004,504,0,0
780,7875,25,24,38.0,0,0,1237,1237,0,1253,402,220,0
781,7153,28,28,0.0,387,0,374,761,793,1603,484,0,0
782,16285,19,18,0.0,0,0,1413,1413,0,1430,605,0,0
783,9101,42,42,104.0,1097,0,0,1097,0,1110,602,303,0
785,9790,53,53,0.0,251,630,491,1372,0,1342,457,0,0
786,10800,105,70,0.0,686,0,0,686,686,1652,416,0,1200
787,10142,16,16,0.0,656,0,300,956,1128,2084,618,0,0
788,6000,66,20,0.0,0,0,901,901,0,901,281,0,0
789,12205,54,13,157.0,568,0,264,832,1111,2087,444,133,0
790,3182,15,14,11.0,16,0,1129,1145,0,1145,397,100,0
791,11333,44,44,0.0,539,0,490,1029,0,1062,539,120,0
792,9920,24,23,0.0,862,0,255,1117,886,2013,455,180,0
793,9158,13,13,140.0,0,0,1496,1496,0,1496,474,168,0
794,10832,26,24,0.0,0,0,712,712,809,1895,409,143,500
795,8400,40,39,130.0,0,0,650,650,676,1564,476,0,0
796,8197,43,43,148.0,0,0,660,660,0,1285,528,138,0
797,7677,67,67,0.0,570,0,203,773,0,773,240,0,0
798,13518,12,11,860.0,0,0,1926,1926,1174,3140,820,144,0
799,7200,83,70,252.0,569,0,162,731,787,1768,240,0,0
800,12798,23,23,0.0,462,0,154,616,1072,1688,603,403,400
801,4800,104,30,0.0,197,0,999,1196,0,1196,440,0,0
802,8199,15,15,0.0,648,0,80,728,728,1456,410,36,0
803,13891,12,11,424.0,0,0,1734,1734,1088,2822,1020,52,0
804,9000,66,66,0.0,812,0,124,936,0,1128,286,0,0
805,12274,12,12,256.0,0,0,1417,1417,0,1428,554,0,0
806,9750,53,53,0.0,400,480,100,980,0,980,384,68,0
807,21384,97,16,0.0,1309,0,15,1324,504,1576,528,0,0
808,13400,54,54,1047.0,516,128,380,1024,0,1086,484,0,0
809,8100,122,55,0.0,0,0,849,849,1063,2138,360,40,0
810,10140,46,21,99.0,663,377,0,1040,0,1309,484,265,0
811,4438,16,16,169.0,662,0,186,848,0,848,420,140,0
812,8712,68,68,0.0,0,0,540,540,0,1044,504,0,54
813,9750,62,62,243.0,608,0,834,1442,0,1442,301,0,500
814,8248,102,70,0.0,0,0,686,686,564,1250,280,207,0
815,12137,22,22,442.0,0,0,1649,1649,0,1661,598,0,0
816,11425,66,66,0.0,486,0,522,1008,0,1008,275,0,0
817,13265,18,18,148.0,1218,0,350,1568,0,1689,857,150,0
818,8816,49,49,80.0,504,0,506,1010,0,1052,440,0,0
819,6371,11,10,128.0,733,0,625,1358,0,1358,484,192,0
820,7226,17,17,0.0,0,0,798,798,842,1640,595,0,0
821,6000,67,67,0.0,0,0,936,936,0,936,576,0,0
822,12394,17,17,0.0,0,0,847,847,886,1733,433,100,0
823,9900,80,70,0.0,0,0,778,778,545,1489,240,335,0
824,11216,14,14,0.0,0,0,1489,1489,0,1489,776,0,0
825,14803,13,12,816.0,1636,0,442,2078,0,2084,1220,188,0
827,8529,19,19,0.0,20,0,1434,1454,0,1434,527,290,0
828,28698,53,53,0.0,249,764,0,1013,966,2126,538,486,0
829,2544,15,15,0.0,0,0,600,600,623,1223,480,0,0
830,11900,63,63,387.0,1040,0,352,1392,0,1392,458,0,0
831,3180,15,15,0.0,0,0,600,600,600,1200,480,0,0
832,9548,17,17,223.0,483,0,458,941,888,1829,613,192,0
833,10004,56,56,180.0,196,345,975,1516,0,1516,472,0,0
834,7875,59,59,136.0,572,0,572,1144,0,1144,456,0,0
835,9600,70,25,0.0,442,0,625,1067,0,1067,436,290,0
836,8100,72,47,0.0,338,0,1221,1559,0,1559,812,0,0
837,1680,47,47,158.0,330,0,153,483,504,987,264,0,0
838,9525,25,14,0.0,0,0,1099,1099,0,1099,352,278,0
839,11767,74,25,0.0,352,0,416,768,432,1200,240,0,0
840,12155,95,70,0.0,156,0,516,672,672,1482,400,0,0
841,10440,116,18,0.0,0,0,650,650,581,1539,686,70,0
842,9020,54,54,183.0,312,539,276,1127,0,1165,490,0,0
844,12665,105,70,0.0,0,0,876,876,540,1416,720,418,0
845,16647,45,39,0.0,1390,0,0,1390,0,1701,611,0,0
846,9317,27,27,137.0,513,0,227,740,769,1775,425,234,0
847,15523,48,48,0.0,460,0,404,864,0,864,338,0,0
848,45600,112,23,0.0,0,0,907,907,1051,2358,360,486,0
849,9600,44,26,360.0,0,0,528,528,761,1855,512,113,0
850,4435,17,17,170.0,659,0,189,848,0,848,420,140,0
851,3196,17,17,40.0,0,0,1273,1273,0,1456,400,143,0
852,7128,79,70,0.0,364,0,554,918,728,1646,240,0,0
853,12095,56,56,115.0,564,0,563,1127,0,1445,645,180,0
854,17920,65,46,0.0,306,1085,372,1763,0,1779,454,0,0
855,6897,58,10,0.0,659,0,381,1040,0,1040,260,0,0
856,10970,42,42,0.0,505,435,0,940,0,1026,576,0,0
857,8125,26,25,0.0,0,0,702,702,779,1481,343,0,0
858,10400,44,44,189.0,0,0,1090,1090,0,1370,479,0,0
859,11029,52,36,220.0,619,0,435,1054,1142,2654,619,0,0
860,7642,102,22,0.0,0,0,912,912,514,1426,216,0,0
861,11625,55,55,0.0,841,0,198,1039,0,1039,504,0,0
862,9672,36,35,0.0,338,0,702,1040,0,1097,480,0,0
863,7931,61,61,0.0,1148,0,0,1148,0,1148,672,0,0
864,8640,13,12,0.0,0,0,1372,1372,0,1372,529,0,0
865,8750,50,50,76.0,828,0,174,1002,0,1002,902,0,0
866,10656,14,13,274.0,0,0,1638,1638,0,1646,870,192,0
867,6970,59,59,0.0,932,0,108,1040,0,1120,544,168,400
868,14762,72,70,0.0,0,0,0,0,720,2320,672,120,0
869,9938,27,26,246.0,750,0,300,1050,887,1949,574,156,0
870,6600,58,58,0.0,0,0,894,894,0,894,308,0,0
871,8750,22,22,116.0,505,0,299,804,878,1682,523,0,0
872,8892,67,24,0.0,0,0,105,105,0,910,414,196,0
873,12144,71,70,0.0,375,0,457,832,0,1268,288,0,0
874,5720,79,70,0.0,0,0,676,676,455,1131,200,26,0
875,9000,13,13,0.0,64,0,1120,1184,1426,2610,550,208,0
876,25286,57,57,0.0,633,0,431,1064,0,1040,648,0,0
877,8834,16,15,216.0,1170,0,292,1462,762,2224,738,184,0
878,11782,59,25,0.0,899,0,210,1109,0,1155,576,192,400
879,7000,42,15,90.0,646,0,218,864,0,864,336,0,0
880,7024,15,14,0.0,980,0,110,1090,0,1090,450,0,0
881,13758,30,29,117.0,902,0,254,1156,530,1717,400,168,0
882,9636,28,27,0.0,0,0,808,808,785,1593,389,342,0
883,6204,108,70,0.0,0,0,795,795,795,2230,440,0,0
884,7150,53,53,60.0,432,0,460,892,0,892,288,0,0
885,5119,21,20,60.0,1238,0,460,1698,0,1709,506,97,0
886,8393,61,15,122.0,528,0,1098,1626,0,1712,588,272,0
887,16466,65,65,0.0,0,0,816,816,521,1393,300,121,0
888,15865,50,50,0.0,351,823,1043,2217,0,2217,621,81,0
889,12160,67,67,90.0,1024,0,481,1505,0,1505,505,0,0
890,8064,71,14,0.0,0,0,672,672,252,924,576,0,2000
891,11184,42,42,92.0,226,500,192,918,765,1683,440,243,0
892,8414,57,17,0.0,663,0,396,1059,0,1068,264,192,0
893,13284,66,66,0.0,1064,0,319,1383,0,1383,354,511,0
894,7018,41,41,0.0,0,0,0,0,0,1535,400,0,0
895,7056,57,57,415.0,400,0,380,780,813,1796,483,0,0
896,8765,84,70,0.0,285,0,666,951,0,951,327,0,0
897,7018,41,41,0.0,0,0,0,0,1120,2240,528,154,0
898,12919,11,10,760.0,2188,0,142,2330,0,2364,820,0,0
899,6993,59,26,0.0,465,0,447,912,0,1236,288,0,0
900,7340,49,49,0.0,322,0,536,858,0,858,684,0,0
901,8712,63,20,0.0,860,0,132,992,0,1306,756,0,0
902,7875,17,17,0.0,0,0,783,783,702,1509,393,0,0
903,14859,14,14,27.0,0,0,1670,1670,0,1670,690,144,0
904,6173,53,53,75.0,599,0,277,876,0,902,288,0,0
905,9920,66,66,110.0,354,290,412,1056,0,1063,280,0,0
906,13501,14,14,208.0,63,0,1560,1623,0,1636,865,0,0
907,11500,84,33,0.0,223,0,794,1017,1037,2057,180,0,0
908,8885,37,37,0.0,301,324,239,864,0,902,484,164,0
909,12589,15,15,0.0,0,0,742,742,742,1484,390,36,0
910,11600,60,60,361.0,443,0,662,1105,1169,2274,480,0,0
911,9286,43,31,0.0,196,0,1072,1268,0,1268,252,173,0
912,6120,95,70,0.0,489,0,279,768,0,1015,450,0,620
913,6270,71,70,0.0,284,0,717,1001,1001,2002,871,0,0
914,3000,11,11,76.0,294,0,318,612,612,1224,528,0,0
915,2001,50,50,80.0,0,0,546,546,546,1092,286,0,0
916,9000,71,70,0.0,50,0,430,480,0,480,308,0,0
917,17140,64,64,0.0,1059,0,75,1134,0,1229,284,0,0
918,13125,29,29,0.0,48,634,422,1104,1215,2127,833,72,0
919,11029,62,18,0.0,528,411,245,1184,0,1414,601,0,0
920,8462,26,26,105.0,814,0,114,928,785,1721,471,300,0
922,10237,15,14,0.0,28,0,1288,1316,0,1316,397,100,0
923,8012,27,26,0.0,165,841,598,1604,0,1617,533,0,0
924,10240,40,40,157.0,625,1061,0,1686,0,1686,612,384,0
925,15611,43,43,0.0,767,93,266,1126,0,1126,540,180,0
926,11999,17,16,340.0,0,0,1181,1181,1140,2374,656,104,0
927,9900,52,52,342.0,552,0,280,832,880,1978,486,0,0
928,11838,19,19,0.0,0,0,1753,1753,0,1788,522,202,0
929,13006,23,23,285.0,0,0,964,964,1243,2236,642,0,0
930,8925,13,13,0.0,16,0,1450,1466,0,1466,610,100,0
931,9100,55,55,0.0,338,466,121,925,0,925,429,0,0
932,11670,14,14,302.0,0,0,1905,1905,0,1905,788,0,0
933,8487,16,16,210.0,20,0,1480,1500,0,1500,570,192,0
934,27650,60,13,0.0,425,0,160,585,0,2069,505,0,0
935,5825,94,67,108.0,0,0,600,600,0,747,528,0,0
937,9675,15,15,0.0,341,0,772,1113,858,1971,689,0,0
938,8760,14,14,0.0,464,0,927,1391,571,1962,868,0,0
939,24090,80,70,0.0,0,0,1032,1032,1196,2403,349,56,0
940,12640,44,44,0.0,936,396,396,1728,0,1728,574,40,0
941,8755,21,21,298.0,772,0,220,992,1038,2060,390,0,0
943,25000,53,53,0.0,0,0,1632,1632,0,1632,576,0,0
944,14375,62,62,541.0,111,354,354,819,0,1344,525,0,0
945,8820,130,24,0.0,1088,0,0,1088,561,1869,456,48,0
946,8163,61,61,128.0,748,294,102,1144,0,1144,796,86,0
947,14536,18,17,236.0,1300,0,316,1616,0,1629,808,0,0
948,14006,18,18,144.0,0,0,936,936,840,1776,474,144,0
949,9360,48,14,0.0,982,0,179,1161,0,1381,676,0,0
950,7200,70,18,0.0,398,149,317,864,0,864,720,194,0
951,7800,55,55,0.0,641,0,187,828,0,965,300,421,0
952,7200,48,17,0.0,660,0,108,768,0,768,396,192,0
953,11075,51,51,232.0,562,193,29,784,800,1968,530,305,400
955,7136,74,70,423.0,484,0,495,979,979,1958,492,0,0
956,1300,40,40,0.0,285,0,276,561,668,1229,462,150,0
957,7420,58,58,0.0,417,0,640,1057,0,1057,576,0,0
958,8450,17,17,0.0,699,0,638,1337,0,1337,531,0,0
959,2572,21,21,0.0,604,0,92,696,720,1416,484,0,0
961,12227,43,25,424.0,896,0,434,1330,1330,2872,619,550,0
962,2308,44,44,0.0,556,0,248,804,744,1548,440,48,0
963,11923,13,13,0.0,0,0,1800,1800,0,1800,702,288,0
964,11316,18,17,44.0,624,0,193,817,1070,1894,510,0,0
965,10237,15,13,0.0,0,0,783,783,701,1484,393,0,0
966,9600,80,70,0.0,428,0,300,728,332,1308,256,0,0
967,7390,65,65,151.0,902,0,196,1098,0,1098,260,0,0
969,10382,62,62,105.0,513,0,75,588,0,1095,264,0,0
971,2268,17,16,106.0,567,0,197,764,862,1626,474,0,0
972,7892,41,41,0.0,0,0,918,918,0,918,264,28,0
974,11414,110,27,0.0,0,0,728,728,883,2019,532,509,0
975,2651,20,20,0.0,641,0,32,673,709,1382,490,153,0
978,9450,66,66,0.0,552,0,342,894,0,894,400,0,0
979,8816,57,57,0.0,651,0,470,1121,0,1121,480,0,0
980,12122,59,13,210.0,867,0,77,944,0,999,588,144,0
981,12203,22,21,975.0,854,0,371,1225,1336,2612,676,250,0
982,3182,13,13,16.0,0,0,1266,1266,0,1266,388,100,0
983,11250,18,18,0.0,0,0,1128,1128,1141,2290,779,0,0
984,10125,43,43,0.0,0,0,0,0,432,1734,539,0,0
985,10880,70,70,0.0,1040,0,124,1164,0,1164,240,0,0
986,5310,110,17,0.0,0,0,485,485,634,1635,255,394,0
987,10159,11,10,450.0,1646,0,284,1930,0,1940,606,168,0
988,12046,44,44,298.0,156,0,692,848,912,2030,551,0,0
989,8125,14,14,0.0,0,0,770,770,798,1576,614,0,0
990,9452,23,22,423.0,1074,0,322,1396,985,2392,870,0,0
991,17671,138,34,0.0,216,0,700,916,826,1742,424,0,0
992,9760,56,27,340.0,536,117,169,822,831,1851,440,239,0
993,8846,15,14,0.0,0,0,750,750,750,1500,564,0,0
994,12456,14,13,230.0,1172,0,528,1700,0,1718,786,216,0
995,4712,74,70,0.0,384,0,363,747,456,1230,305,0,0
996,10659,59,59,0.0,915,0,135,1050,0,1050,368,0,0
997,11717,50,50,571.0,0,0,1442,1442,0,1442,615,371,0
998,9786,98,70,0.0,0,0,1007,1007,0,1077,210,0,0
999,6762,14,14,24.0,686,0,501,1187,0,1208,632,105,0
1000,10206,68,68,0.0,0,0,0,0,0,944,528,0,0
1001,5400,100,70,0.0,0,0,691,691,0,691,216,0,0
1002,11957,14,14,53.0,24,0,1550,1574,0,1574,824,144,0
1003,11500,44,44,164.0,0,0,1680,1680,0,1680,528,0,0
1004,3182,15,14,16.0,16,0,1330,1346,0,1504,457,156,0
1005,8385,43,43,220.0,595,0,390,985,0,985,328,210,0
1006,12155,50,50,0.0,1237,0,420,1657,0,1657,484,0,0
1007,2217,50,50,0.0,273,273,0,546,546,1092,286,238,0
1008,12118,16,15,108.0,0,0,1710,1710,0,1710,550,100,0
1010,21286,72,70,0.0,0,0,720,720,551,1271,312,0,0
1012,10592,97,24,0.0,0,0,602,602,602,1502,180,96,0
1013,7200,110,14,0.0,247,465,310,1022,0,1022,280,0,0
1014,11664,72,70,206.0,336,0,746,1082,0,1082,240,0,0
1015,8400,19,19,0.0,643,0,167,810,855,1665,528,0,0
1016,11883,24,24,196.0,690,0,814,1504,0,1504,478,115,0
1017,5814,36,36,0.0,1036,0,184,1220,0,1360,565,63,0
1018,10784,29,28,76.0,0,0,384,384,670,1472,402,164,0
1019,3013,15,15,145.0,16,0,1346,1362,0,1506,440,142,0
1020,7024,15,15,0.0,1024,0,108,1132,0,1132,451,252,0
